,UNDR01_2HCb,UNDR01_2MCb,UNDR03_102,UNDR03_117,UNDR03_118,UNDR03_119,UNDR03_121,UNDR03_122,UNDR03_123,UNDR03_1HAb,UNDR03_1HBb,UNDR03_1MAa,UNDR03_1MCa,UNDR03_2,UNDR03_22,UNDR03_23,UNDR03_24,UNDR03_25,UNDR03_26,UNDR03_27,UNDR03_2HBb,UNDR03_2MAa,UNDR03_2MBb,UNDR03_3,UNDR03_4,UNDR03_5,UNDR03_6,UNDR03_7,UNDR03_74,UNDR03_75,UNDR03_76,UNDR03_78,UNDR03_79,UNDR03_80,merge_NG-28520_B06,merge_NG-28520_B11,merge_NG-28520_B16,merge_NG-28520_B22,merge_NG-28520_B28,merge_NG-28520_B34,merge_NG-28520_B39,merge_NG-28520_B44,merge_NG-28520_B50,merge_NG-28520_B56,merge_NG-28520_B62,merge_NG-28520_B67,merge_NG-28520_B72,merge_NG-28520_B78,merge_NG-28520_B84,merge_NG-28520_B85,merge_NG-28520_B88,merge_NG-28520_B91,merge_NG-28520_B94,merge_NG-28520_B95,merge_NG-28520_B96
UNDR01_2HCb-bin.0,373235,103091,22,67,74,16,44,29,39,40322,167214,1229,1721,4349,5570,15976,14583,3902,22605,64228,511125,198660,101987,12776,5255,60023,18640,22234,1288,1650,1885,16113,14805,11806,19,3,2,11,9,13,6,6,2,6,18,5,4,8,5,65,78,24,13,111,14
UNDR01_2HCb-bin.13,44722,1240,3,1,2,1,0,0,2,971,4862,55,81,4,36,3,5,24,57,70,56421,2713,1423,4,2,991,378,421,8,5,10,781,644,572,15,8,5,4,17,12,9,14,8,10,10,13,7,17,10,3,14,9,5,8,7
UNDR01_2HCb-bin.15,86186,3594,67,0,2,1,1,0,2,568,3249,134,144,458,181,176,323,36,423,17,176902,5304,3278,757,458,6924,2707,1866,2682,2664,3420,2168,1339,1060,2,2,0,5,1,1,0,0,0,1,2,1,1,1,2,0,1,2,1,1,0
UNDR01_2HCb-bin.18,109524,4724,14,16,48,2,19,22,14,2830,12809,167,194,2,23,26,43,23,122,783,151051,5527,6515,28,23,273,66,53,25,11,12,27,25,16,31,20,23,24,34,12,16,21,31,36,34,17,23,35,22,35,28,26,19,30,7
UNDR01_2HCb-bin.19,32450,1463,3,1,2,2,2,1,4,38,215,55,74,7,1,4,1,6,38,100,80897,2775,1288,2,1,60,21,17,32,28,35,2903,2794,2518,4,6,3,3,6,2,2,5,10,6,8,5,5,5,8,9,6,10,2,6,3
UNDR01_2HCb-bin.21,2420116,80386,586,166,152,58,158,159,144,172,820,1349,1456,4281,7708,16207,34473,1935,7000,22277,5264413,71200,106189,15051,5085,61883,27429,12698,17346,29849,39391,138752,125985,169395,62,45,64,51,120,71,82,70,88,103,122,86,60,105,84,102,102,73,46,208,58
UNDR01_2HCb-bin.22,51438,1215,31,37,19,6,19,21,14,4151,15981,93,144,10,29,33,38,26,183,288,49043,2540,1149,19,7,1708,600,647,24,21,24,413,383,268,8,14,19,21,29,28,33,42,26,24,26,23,18,28,29,19,21,17,19,20,16
UNDR01_2HCb-bin.44,39819,7618,7,12,2,3,18,15,7,207,659,5,1,13,4,12,30,6,29,3,43034,23403,5018,9,16,143,60,75,120,147,153,1876,1845,1609,9,6,5,7,3,7,8,11,9,6,9,4,9,4,5,11,9,6,1,3,8
UNDR01_2HCb-bin.49,3154962,3915941,754,567,701,151,594,419,417,5397,27898,946936,1442469,3321,1347,758,1297,1181,1484,3470,3986418,3330980,6347066,7847,3686,4925,1598,1855,1776,1862,1943,2122,1852,1869,196,165,166,188,357,258,274,234,191,355,420,285,232,263,249,327,297,236,158,1667,173
UNDR01_2HCb-bin.5,109485,3962,4,2,6,0,2,2,4,62,268,9,14,2,41,2,11,1,12,16,202207,8431,2791,7,2,93,37,28,9,10,13,354,124,128,9,11,2,5,6,10,8,5,14,8,3,4,4,6,3,2,3,4,2,4,8
UNDR01_2HCb-bin.52,415912,50948,6362,11030,11547,3474,4883,5960,5665,76266,367883,8294,11920,235,35,86,186,46,220,29,507687,169554,27603,382,305,119786,50858,69651,3320,3864,3973,38643,34411,32554,1510,1602,965,1081,607,1159,2471,1473,805,609,1306,1801,995,923,616,2563,2248,925,555,744,316
UNDR01_2HCb-bin.54,443175,61274,31,0,5,0,13,11,10,96,298,85,65,9757,108,85,93,118,469,19,1052485,113626,67205,10324,11051,15309,7755,7461,2162,3728,4479,68786,36781,30438,6,7,15,10,11,2,8,11,9,20,1,9,7,12,3,4,1,2,6,4,7
UNDR01_2HCb-bin.56,479490,23861,11,3,3,3,8,11,0,22,73,1174,1255,8,8,4,10,2,14,22,635170,42847,26785,15,8,28,7,10,126,102,122,4144,4629,4538,10,5,4,3,8,0,3,18,8,11,4,6,5,6,3,7,7,10,8,76,26
UNDR01_2HCb-bin.60,237316,1509,26,6,4,2,9,5,2,3914,14492,569,685,31,51,3,14,42,85,104,347310,2068,1587,7,3,819,298,354,14,12,6,300,473,763,10,9,5,7,16,6,15,12,15,11,10,7,12,13,16,9,7,12,4,10,7
UNDR01_2HCb-bin.67,103971,7161,12,7,5,0,5,9,7,749,3807,42,45,13,34,25,50,12,72,116,168045,6753,11144,23,10,5972,1583,1813,540,528,919,3030,3597,3788,10,8,7,8,30,12,9,14,19,14,13,7,20,22,14,20,16,11,2,20,10
UNDR01_2HCb-bin.8,270790,5776,16,15,13,4,8,12,9,1915,9842,95,123,3,2,6,26,2,56,90,411936,8322,6575,3,1,804,297,217,19,14,19,70,85,80,10,12,15,9,28,8,23,18,19,16,17,19,21,19,21,13,11,23,10,14,6
UNDR01_2HCb-bin.9,114865,11704,8,3,0,1,2,3,2,10619,27232,141,118,2,4,2,4,1,16,41,218024,21367,14977,6,2,3521,910,875,63,26,48,6311,5159,5455,9,12,6,2,11,2,7,8,2,7,3,9,4,6,5,3,4,2,3,6,3
UNDR01_2MCb-bin.12,71648,100766,3507,2210,2284,380,1377,1893,1928,1374,4054,55399,76911,458,3948,3322,6693,2653,4707,5438,102840,113095,142622,1314,889,5478,2064,3110,905,919,1990,2276,2134,2458,317,29,35,28,37,136,49,432,72,37,632,668,761,612,256,1022,769,1524,1061,620,1402
UNDR01_2MCb-bin.13,41780,104620,2916,4762,3765,793,1585,2006,1841,105,696,27634,39795,2953,389,13,30,228,86,13,82563,70003,211346,8229,5568,34343,9671,7540,3432,2610,6142,5250,3552,3866,2430,1686,2459,2595,4116,1808,1615,1566,1253,5885,10857,12919,14964,19410,10011,13574,10052,13834,752,3807,3342
UNDR01_2MCb-bin.17,135508,322673,131,27,41,12,10,8,6,19,44,4818,6882,15,9,2,6,2,19,17,246180,221853,569473,34,16,106,32,14,917,1183,1191,1806,1460,1256,25,21,30,32,53,13,18,40,25,42,47,44,41,60,54,61,51,36,29,68,23
UNDR01_2MCb-bin.18,90203,177790,127,184,141,36,51,86,83,102,490,10680,13863,69,15,13,40,16,83,65,167380,153255,335756,146,90,373,96,67,375,404,454,621,405,488,56,50,69,65,80,31,44,45,52,101,330,346,435,530,241,364,293,448,33,184,103
UNDR01_2MCb-bin.20,170591,240204,219,293,239,41,93,115,100,212,1069,39635,61186,245,38,6,11,14,25,21,333775,216699,478136,664,451,2339,592,434,431,554,609,877,649,499,268,252,326,320,447,196,244,218,229,636,646,843,851,1082,747,911,748,758,145,354,181
UNDR01_2MCb-bin.21,595,207927,1,2,1,0,15,3,1,9,35,19981,25978,14,0,0,1,1,0,3,977,935837,57188,25,12,17,4,5,158,198,162,18,16,19,4,0,4,7,1,2,1,1,0,0,2,2,1,1,6,3,2,1,2,2,1
UNDR01_2MCb-bin.22,46897,86428,12,9,13,5,8,7,3,12,39,2292,2694,22,1,0,1,2,2,7,91783,74866,177057,55,20,66,13,21,200,280,255,344,286,248,26,20,19,13,33,9,8,21,19,28,24,43,31,46,26,34,41,32,27,31,17
UNDR01_2MCb-bin.32,687655,706844,632,771,648,178,366,366,334,1412,6570,48540,69564,602,251,117,270,140,273,245,1335313,627039,1525527,1591,1143,5803,1280,1069,1700,2766,2755,6034,4495,5900,1187,1089,1538,1690,2248,856,1029,936,909,3095,1899,2610,1994,2329,2439,3097,2361,1837,547,1514,583
UNDR01_2MCb-bin.37,951173,119086,1068,699,687,644,381,448,400,45952,183580,24173,33667,11554,479914,418209,818414,325454,563570,674353,1877440,159990,125609,46883,24633,665133,260880,398409,20457,25978,33689,59703,51986,67136,413,336,362,482,521,334,378,340,274,731,590,781,523,619,606,1762,1566,522,473,448,383
UNDR01_2MCb-bin.40,23756,83431,554,873,733,168,268,379,375,56,259,12132,17991,668,115,7,10,53,30,9,48845,57383,142134,1521,1057,5680,1550,1200,814,608,1289,1103,765,845,481,300,470,503,834,352,305,311,283,1109,1929,2125,2529,3513,1785,2413,1832,2594,161,710,611
UNDR01_2MCb-bin.47,3961,18974,4,8,6,0,11,11,11,171728,513730,630,1057,9,4,9,21,4,37,3,6360,59599,7158,24,17,59638,25536,52959,36,11,650,11052,8187,10682,4,3,3,2,9,5,1,4,4,2,8,10,3,7,6,4,0,0,2,1,2
UNDR01_2MCb-bin.50,146534,507796,326,390,378,98,231,255,218,238,1003,20772,25935,350,171,129,326,126,336,282,304686,337466,920369,790,672,3075,700,595,1110,1079,1326,2132,1222,1692,524,441,620,678,849,358,456,431,382,1262,738,1050,864,943,1011,1344,996,768,196,622,254
UNDR01_2MCb-bin.8,296742,584088,676,1177,859,193,373,435,393,346,1817,96722,137577,2806,266,19,37,155,79,44,590409,528935,1405786,5353,4522,16497,3633,2627,987,1372,1547,2034,1261,1133,1414,1010,1483,1557,2471,1052,1033,996,817,3563,2521,3130,2450,3021,2979,4011,2814,2713,383,1585,765
UNDR03_102-bin.12,96,43,42828,334,746,257,280,2743,2147,30,115,17,14,42,42,67,135,24,205,27,347,135,71,79,58,217,43,28,30457,17522,76197,10971,2854,18207,40,15,26,22,19,23,35,40,11,22,63,25,32,34,28,63,25,25,12,27,22
UNDR03_102-bin.16,541,348,37524,11822,14044,3161,26565,31080,28248,50,262,65,53,28728,50870,33332,39373,42622,17575,133668,1054,469,422,58420,32288,48676,21661,27722,24155,32753,33973,32942,26335,25841,5293,4085,8664,8185,3393,2570,3578,6229,3870,6009,35531,15765,10000,15697,10382,6533,6296,23290,3863,25874,8383
UNDR03_102-bin.23,114,193,210682,5815,13766,3243,24408,19912,17251,9,31,16,7,96,165,52,98,402,77,1935,501,300,254,328,87,2979,3220,7192,153240,60900,187141,70441,32301,20354,3999,4803,19711,8535,5132,2539,7153,16069,5593,6317,3597,4069,7998,8268,5585,2355,2042,2869,1244,3467,1834
UNDR03_102-bin.25,327,69,273848,7280,8880,1822,7428,9204,4874,73,405,67,32,82,47,95,79,48,152,297,1340,107,178,84,44,638,184,82,1709,1474,2164,5528,14225,4789,86,74,164,114,137,144,126,151,93,131,1141,168,153,274,471,158,149,10469,50,154,5930
UNDR03_102-bin.27,167,35,84672,29500,35395,10245,12944,5590,6396,15,117,42,25,107,135,10,9,5,132,64,757,65,131,20,14,81,191,230,36696,27161,47892,27969,20120,40287,8193,12288,6069,4117,2304,5470,11356,6308,2837,4875,13626,13447,10776,10787,5892,5574,5895,6426,3743,4229,1473
UNDR03_102-bin.30,857,1407,61229,4672,131,1195,23765,21469,25098,0,0,0,0,558,0,0,36,10,1,0,1817,2789,1788,100,23,428,67,254,46997,17272,83270,55875,42888,68415,30,84,719,625,332,36,96,551,311,631,4737,2820,1909,3524,1888,507,485,3781,11224,4652,28859
UNDR03_102-bin.33,1971,787,191652,23693,48282,4373,2220,651,1490,62,239,434,335,222,172,39,70,243,154,1358,3851,1098,1565,405,110,1088,415,690,24693,154729,323096,456283,224519,347166,1173,429,465,321,400,75,212,234,116,440,3645,1075,785,926,580,277,257,790,351,1384,340
UNDR03_102-bin.39,4364,6234,891993,194717,162159,50974,385757,203884,257511,3,10,72,40,2,5,2,11,3,17,14,9047,6813,11751,14,1,55,12,4,340358,4480,472124,3504283,1836536,1848136,24,33,15,24,34,6,10,18,16,31,93,45,39,50,35,45,36,41,31,35,17
UNDR03_102-bin.59,87,156,356934,1458,3420,728,16064,26566,25061,9,41,64,24,269,279,27,38,32,36,2658,494,207,188,304,184,409354,1118066,233,65360,3189,177104,40703,16249,36753,418,18722,24158,25302,15296,230,18749,21646,13395,20080,56188,51756,21668,24866,31364,229,206,10376,8928,15023,24628
UNDR03_102-bin.63,1000,1362,198186,12818,21105,2894,10106,55194,42498,1,0,2,3,0,0,0,0,0,1,0,1811,1705,2100,2,1,6,58654,68,78063,80202,71726,27231,13319,19367,48,48,16,27,68,8,202,205,116,133,462,207,177,391,946,1170,1174,508,21125,4989,825
UNDR03_102-bin.67,207,511,84149,8339,13116,2669,26553,41305,31864,0,1,3,0,6,12,2,108,2,1,7,552,631,465,21,12,343,846,63,196368,12546,169484,25041,37894,15193,1802,3218,17478,4748,5094,1187,3389,12914,4203,22641,3626,5014,12999,23184,36338,12450,12049,7232,7595,8475,16772
UNDR03_102-bin.74,2458,938,230214,428044,506033,182196,16087,2645,2561,795,4019,1605,1951,1479,1997,1676,2636,1823,3336,5280,4651,1377,1289,3694,2401,6076,2125,3527,185913,3766,84411,43265,52130,98497,1025,830,925,937,1083,991,1450,1409,611,1194,2237,1238,1117,1149,1021,1568,1364,1051,366,877,505
UNDR03_102-bin.78,361,191,208991,1117,1032,383,16253,43549,37774,35,241,230,173,60,85,102,204,67,425,689,1104,394,427,153,119,679,317,125,9136,428,93,1531,291,1067,16,35,39,40,48,27,42,46,58,48,117,46,42,60,47,40,41,305,45,110,48
UNDR03_117-bin.14,2735,5457,272652,268931,398665,69061,25241,31685,30223,0,4,47,61,164,311,245,633,950,115,1170307,7970,3392,6256,665,297,78117,74582,47167,242233,34182,195333,86553,68197,91870,4807,1244,591,722,442,3332,1224,347,169,278,132331,8547,1149,780,554,568372,450973,13595,5898,16351,11175
UNDR03_117-bin.23,127,404,171654,177651,140205,54658,141538,155642,201793,0,3,0,2,0,0,1,0,1,1,0,370,696,472,2,0,1,0,0,11812,9513,23250,28353,27131,42198,77,16,4,8,82,11,5,11,5,149,9388,30628,19329,9119,2146,645,606,3493,12818,7369,121471
UNDR03_118-bin.0,288,121,464,101548,167327,6448,239,307,300,50,377,199,121,94,207,315,1051,283,722,2395,1247,152,368,326,282,988,882,726,635,1097,1144,1201,939,423,700,1864,849,307,327,338,2239,752,259,443,336,1829,590,286,208,486,571,146,522,1607,207
UNDR03_118-bin.14,56,2,5583,64004,77215,16145,41047,65078,38193,24,116,15,5,117,169,1,12,1,11,38,279,11,16,4,1,46,11,21,9963,10602,6824,13539,12966,20512,127,122,320,240,180,134,273,264,109,201,209,140,176,148,237,147,166,2805,80,269,55
UNDR03_118-bin.15,58,160,32818,44084,64738,13188,16271,17582,18189,0,3,3,1,85,96,194,319,102,162,49,90,460,169,184,119,147,39,57,16550,19725,3146,34745,12896,16624,1556,3041,728,535,417,344,1962,191,95,1296,11241,8988,4573,4582,2069,16121,15567,8229,4230,2786,7572
UNDR03_118-bin.16,115,105,97156,26471,44574,9973,21086,12109,21784,32,134,15,12,1844,5528,1968,1673,4542,1469,54336,364,146,114,37747,23658,7293,2682,46630,41338,12116,45444,32514,17543,19953,22881,18253,24636,20493,22735,27345,34775,47107,15191,27117,98697,47431,40227,34400,24855,24939,22624,85236,9500,23003,11503
UNDR03_118-bin.24,1085,185,39646,953642,1170742,218662,124614,157864,127173,139,838,26,30,293,290,459,1084,209,993,112,2646,662,186,531,393,1074,290,240,62374,277460,53634,151433,335985,168118,15487,10105,9663,10607,9180,10617,11921,10423,6637,8703,34682,14547,8592,8857,8061,52959,58131,21144,16590,12692,7161
UNDR03_118-bin.29,27,44,49136,65723,97045,12449,46750,47867,44119,3,13,5,4,969,833,636,347,312,182,71,163,87,45,3121,2313,1614,301,545,30274,20745,38631,22266,18555,33494,10922,4137,3767,4268,2331,4931,7295,4140,2886,2487,3457,2485,2099,2633,4115,22783,22040,5005,6470,5578,5810
UNDR03_118-bin.47,281,393,409166,222242,199893,62309,99343,76000,49623,9,45,12,6,38,6,82,32,1,47,1392,867,463,484,462,141,86,31,699,295338,484063,178528,70470,79856,101659,816734,88879,74963,418680,40148,600963,104477,66981,123580,55920,599083,419612,130785,139202,92849,1171187,1092999,162340,136127,79649,49470
UNDR03_118-bin.49,440,73,16414,16527,40728,11291,509,533,444,56,329,10,4,3,0,2,7,1,15,36,601,163,45,5,6,149,82,59,1250,3417,1150,451,408,658,337,1085,710,547,275,162,1067,727,600,539,194,612,520,1230,1444,2294,2292,175,2342,1797,918
UNDR03_118-bin.50,43,7,11935,33007,53146,8911,2783,1854,2179,24,64,6,2,8,2,43,9,2,121,22,295,19,10,567,4,200,576,29,1637,1679,1613,1203,861,532,169,67,152,221,321,85,112,146,103,146,114,161,103,186,104,45,28,165,61,64,1822
UNDR03_118-bin.55,314,257,9333,59815,237769,9355,14500,1722,8337,25,52,418,436,6,19,34,51,16,64,116,1267,371,651,16,7,103,30,16,4594,5871,8729,18064,18311,19522,18327,18197,36895,26547,34982,3884,6075,7563,5917,50811,36231,17621,11403,12845,21460,45171,36148,29774,83044,45189,12023
UNDR03_118-bin.8,18,15,15356,17407,21006,4348,9643,10990,10363,8,1,3,1,1892,656,1059,227,76,152,190,80,56,20,6264,1387,1497,287,645,7239,4723,9061,9480,7128,12260,12633,3964,7534,7378,5488,3051,5146,3944,1642,5112,2379,1636,2780,2669,8035,18929,19305,3051,6789,6881,3968
UNDR03_119-bin.1,77,109,317356,169344,132518,53081,22288,115106,115582,1,12,13,8,1,2,2,3,2,25,19,300,227,155,8,5,18,6,7,9990,23441,23706,1481,1037,463,5363,1208,316,5568,1833,5333,1002,87,1294,1510,28109,3343,543,536,1170,143537,111300,94900,1264,6206,7426
UNDR03_119-bin.18,1775,2496,347877,76585,64124,24762,147928,78294,99889,2,2,19,5,1,1,2,6,3,5,3,3593,2764,4532,5,0,15,7,0,131622,1792,179862,1367355,706297,720438,11,14,9,4,10,7,6,7,6,10,98,110,169,210,98,120,84,213,13,27,85
UNDR03_121-bin.11,202,48,5895,416,587,108,57779,5319,48558,16,117,21,15,78,25,42,56,21,188,345,768,66,128,105,92,238,4169,9513,3273,563,2777,1321,463,542,115,2325,3661,2083,6963,56,2145,3198,2466,11285,509,802,1717,2778,8139,353,381,285,587,962,427
UNDR03_121-bin.2,148,159,440,114,219,61,51103,2646,43521,3,12,15,22,1,7,0,1,1,7,49,491,249,238,2,3,1064,4,35,182,63,134,21012,8130,8779,11,71,25,45,65,16,104,28,23,81,118,127,32,39,91,40,32,278,2514,1951,2689
UNDR03_121-bin.41,49619,62944,93849,151145,112299,25328,49947,53981,51247,101,377,10515,12706,1159,359,49,65,179,140,90,97911,62440,159657,2719,2341,13276,3162,2316,69171,68315,138156,179471,154788,200606,333630,190351,352332,381631,600388,236803,178818,226635,177521,873014,504200,587859,465941,554835,620659,813397,581624,493412,68943,365874,151907
UNDR03_121-bin.52,209,148,2712,1561,1928,533,235829,240108,125368,18,111,15,8,557,202,105,540,364,176,1181,788,247,147,3015,430,2569,689,173150,3660,1835,6477,102047,1627,1373,1404,2482,2711,2187,3092,872,3223,2604,1545,3392,1194,1980,1576,2110,2718,231,276,716,584,1747,808
UNDR03_122-bin.51,1,5,115,18,34,6,31004,34373,24977,0,3,1,2,0,0,0,1,0,0,2,26,17,7,0,3,1,2,23,207,20,244,2398,322,555,49,32,3,2,5,15,43,23,4,3,48,28,20,40,9,31,27,126,10,114,13
UNDR03_122-bin.58,15,23,1280,293,267,104,16423,22607,11520,3,6,1,0,2,1,4,3,0,1,4,99,50,27,1,3,9,0,3,266,293,131,4668,116,17420,476,80,46,267,34,371,108,87,76,41,368,248,94,102,79,751,694,109,90,77,53
UNDR03_123-bin.51,1216,316,39987,21103,22103,5630,1793712,3020267,2304494,115,739,25,19,300,284,459,1027,233,1118,102,2543,956,373,573,417,1113,285,276,68405,36804,196408,794275,961674,802578,20230,116754,89480,82963,67168,11387,103741,79623,61381,66208,239922,112825,80673,99843,74779,2058,2010,212534,100632,86144,52483
UNDR03_123-bin.52,104,13,5055,899,914,222,54578,75080,44250,64,300,33,14,17,20,24,58,11,113,207,440,33,36,36,21,137,38,65,1193,5486,6499,44030,73267,21905,45,42,31,31,33,61,132,98,40,48,133,60,66,61,49,83,70,287,15,64,21
UNDR03_123-bin.60,270,48,2611,3677,4778,1190,8022,102983,104021,65,451,55,51,29,27,32,43,31,120,679,693,114,83,58,42,353,351,471,2229,389,1107,17802,26410,4199,110,4502,2670,8526,8137,122,5514,2893,7343,10503,1322,2276,3778,8000,11508,78,49,4118,1029,3916,2086
UNDR03_1HAb-bin.0,245520,39276,4975,4594,4995,1836,3978,4961,4325,281492,1013672,34255,45998,92206,2137,2567,6359,728,11049,2868,331340,136850,19634,190109,158004,314150,125533,178029,77877,103231,114811,128020,109029,103349,1219,1298,1096,1158,1052,930,2209,1628,1175,1055,1030,1744,989,1351,1068,1663,1463,614,395,770,314
UNDR03_1HAb-bin.1,556,2088,2,5,2,0,3,0,2,40396,121294,241,322,18,1,0,3,0,0,1,1075,7336,956,115,152,176494,59130,159919,620,547,701,10286,9968,12281,2,5,3,3,1,7,5,9,2,3,3,3,6,7,1,1,1,4,1,3,2
UNDR03_1HAb-bin.12,5384,2388,13,8,6,6,8,8,5,66458,205934,2582,3669,535,103,119,227,75,290,89,9361,8022,1542,1225,950,3785,1442,1609,349,526,516,699,639,608,4,8,3,8,18,7,6,8,8,10,9,7,4,11,6,7,8,10,0,10,6
UNDR03_1HAb-bin.21,180734,81947,14,181,236,40,91,72,91,306531,1286745,24466,36431,774,4069,4388,9297,2561,7437,13024,270915,174612,75234,2138,1259,133615,62563,37102,430,395,420,4279,4805,3300,54,7,5,18,17,27,11,12,13,18,66,21,17,19,17,174,216,79,31,464,19
UNDR03_1HAb-bin.23,9049,3108,3,5,17,4,4,130,45,167701,621232,50516,69214,103,99,21,32,148,449,105,17380,9865,1875,121,21,1637,738,982,7,5,19,41,39,22,15,7,8,7,11,5,9,11,13,12,5,9,7,10,6,7,3,7,3,8,11
UNDR03_1HAb-bin.3,148758,101906,2364,1311,1447,431,983,1379,1187,950321,2897523,5687,8832,69798,23939,51196,81596,10575,28927,2437,178088,349307,44890,198330,157247,700506,314958,560949,48925,54526,65462,113427,92850,99592,360,367,217,248,137,271,662,355,184,156,302,482,243,247,120,557,533,157,110,177,68
UNDR03_1HAb-bin.30,394,64,10,4,3,3,12,5,6,43859,92133,179,205,1,2,0,3,0,10,17,1108,251,46,0,1,441,259,217,2,15,11,2,19,5,0,2,0,1,5,6,8,9,3,2,2,1,3,9,6,5,3,3,0,6,3
UNDR03_1HAb-bin.8,37115,12580,1638,1316,1289,474,2405,2379,2575,298350,1204202,23120,32358,391514,541,612,1483,324,1551,258,41673,45785,6681,1256457,1216844,3794051,1870055,3004431,21577,14202,22841,53901,48739,42430,236,263,205,229,181,177,428,319,265,189,201,319,210,259,208,371,350,114,77,131,63
UNDR03_1HAb-bin.9,57986,16961,1405,790,1043,195,599,649,620,135430,441496,3406,2555,231,380,378,506,420,1596,3858,102100,31861,20057,532,361,11149,3873,4778,912,586,733,2111,1483,1741,457,621,525,464,780,402,820,637,418,767,828,606,448,506,585,479,381,467,182,353,242
UNDR03_1HBb-bin.0,24331,20915,5,6,4,5,10,13,8,74350,244501,4568,6096,13,3,0,5,3,10,10,24506,49076,15737,42,23,59009,25321,28988,68,67,127,575,828,786,16,11,7,12,24,8,11,11,9,14,25,18,18,39,13,34,30,16,17,122,11
UNDR03_1HBb-bin.10,22815,7485,24,20,13,8,10,10,5,57832,207811,343,467,21,93,69,86,88,101,98,32832,17955,6269,44,25,1256,362,470,39,34,39,175,141,115,3,11,11,4,13,2,5,13,15,9,15,9,7,7,13,5,8,17,4,3,7
UNDR03_1HBb-bin.11,2273,2097,5,10,4,1,5,9,5,74334,239684,11572,16346,7,5,5,19,8,53,65,4689,5013,1867,4,7,474,316,423,5,4,9,15,6,2,21,11,14,6,27,11,23,21,19,23,12,12,20,17,13,8,11,16,9,14,13
UNDR03_1HBb-bin.12,14790,8335,24,15,14,4,11,16,9,51425,211224,449,491,11,5,55,17,9,54,55,28237,8993,9576,20,7,18434,7812,11937,24,28,20,254,60,31,22,17,22,16,32,24,26,25,20,30,33,31,30,35,32,30,27,30,7,15,10
UNDR03_1HBb-bin.14,5203,5169,6,7,2,8,7,6,1,171103,556457,5358,6782,34,7,4,13,5,18,14,7793,12150,5899,67,23,113224,46626,61766,48,40,50,316,391,462,15,12,4,5,19,18,9,9,11,22,21,22,20,19,17,22,24,19,16,149,13
UNDR03_1HBb-bin.15,20211,5540,8,9,21,3,17,9,5,25243,126746,1326,2045,27,17,40,127,14,83,252,29054,10151,5612,65,28,73088,31340,39607,85,69,87,693,798,770,22,3,10,5,13,21,17,32,21,11,16,23,26,25,5,24,30,13,9,64,5
UNDR03_1HBb-bin.2,927,72,16,8,12,5,11,26,15,39621,105554,200,315,0,0,0,3,0,7,13,2539,151,23,2,3,6333,3210,3242,6,30,7,158,187,118,5,5,5,2,3,10,5,4,4,4,4,5,0,9,3,5,9,4,1,1,4
UNDR03_1HBb-bin.20,2462,557,13,11,7,1,7,8,6,25713,100463,717,1025,29791,42,15,42,41,120,376,3696,1230,513,172,221,56063,19063,27460,15,24,25,166,165,178,5,15,6,4,13,4,12,11,14,13,8,15,7,9,14,13,7,7,3,8,5
UNDR03_1HBb-bin.22,155902,54860,60120,1163,1230,374,1048,1747,1592,69671,341364,3704,5974,2372131,54466,81643,124841,7694,12107,1464,195362,250800,23884,5044508,4075376,4505867,1687655,2560668,2261869,2905770,3338599,2928436,2518235,2470361,85,39,36,56,61,46,64,82,70,55,82,53,38,75,59,92,96,55,21,43,23
UNDR03_1HBb-bin.24,31,11,2,0,0,0,0,0,0,15435,45367,6,11,0,1,0,0,0,1,2,109,59,8,0,1,263,121,117,0,0,0,3,2,0,0,1,0,1,3,0,1,1,4,3,0,3,2,4,2,1,2,2,0,0,2
UNDR03_1HBb-bin.25,22938,11906,58,62,64,13,44,48,52,28831,156657,1432,2296,493,89,215,346,28,174,18,22686,33905,7644,1167,40642,102196,23130,37931,5963,2406,4937,9630,5478,4518,25,13,17,12,15,18,21,26,27,17,30,21,20,23,17,33,29,20,8,13,7
UNDR03_1HBb-bin.27,1472,946,0,0,1,0,0,1,0,4310,22114,92,136,1,0,3,4,0,2,2,2973,1101,999,1,0,426,130,211,0,0,1,2,6,1,2,5,2,3,1,1,7,3,2,3,5,2,4,7,3,2,0,0,0,1,1
UNDR03_1HBb-bin.29,104258,6484,11,9,4,1,4,14,10,80515,313624,855,1377,4,36,5,5,12,56,34,119713,13085,6613,8,7,47911,14187,14085,49,34,54,2709,2329,2315,7,8,5,5,14,14,12,18,6,15,6,10,13,14,13,10,9,12,3,11,4
UNDR03_1HBb-bin.30,323,907,32,11,33,12,41,40,64,10029,34809,874,1027,29,10,6,16,4,20,105,797,3970,487,43,31,4028,2083,1837,68,34,46,378,327,235,147,39,205,158,84,26,55,73,25,103,24,9,69,65,168,10,20,25,23,126,15
UNDR03_1HBb-bin.31,9903,637,2,3,0,1,1,2,0,8516,40352,886,1319,0,1,2,4,1,16,3,12474,1203,548,2,2,141,62,97,3,4,1,3,5,7,5,5,8,0,7,5,5,13,7,11,4,6,11,12,2,7,11,4,2,7,2
UNDR03_1HBb-bin.35,11226,3928,22,18,17,2,18,13,8,121421,386969,17964,25594,218,116,335,324,729,1688,775,18116,9590,3113,760,238,12597,6649,7734,74,57,74,306,246,261,25,23,19,12,38,12,17,18,29,19,21,17,14,20,16,22,30,22,11,9,14
UNDR03_1HBb-bin.37,40002,10729,6,18,18,6,5,10,8,72088,190691,976,1239,9,6,1,0,4,6,4,48250,29881,7307,16,17,123,46,40,10,62,36,2030,1302,2421,16,19,15,8,29,14,13,10,10,29,14,17,22,19,31,26,26,29,16,26,10
UNDR03_1HBb-bin.42,47913,2042,42,43,35,10,54,55,48,22167,110652,6935,10974,25,34,67,20,111,160,154,76643,2711,2849,63,30,14659,3880,3383,31,24,22,516,371,368,30,45,72,19,69,32,39,63,29,81,55,69,66,61,63,57,50,43,22,43,18
UNDR03_1HBb-bin.44,3428,3557,1,0,3,0,0,1,1,34778,134058,665,965,24,0,7,13,3,16,3,6094,14639,1455,18,28,26832,10548,11130,16,28,16,137,147,225,0,0,3,3,4,4,2,3,1,3,4,3,1,4,2,1,2,4,0,1,3
UNDR03_1HBb-bin.49,2305,210,13,3,6,3,1,11,3,11950,41503,172,166,5,5,9,10,9,42,63,3363,464,202,6,17,518,109,179,9,6,4,16,8,11,11,10,7,5,17,13,14,19,19,10,10,11,13,18,9,7,9,7,2,3,10
UNDR03_1HBb-bin.5,2943,2085,4,2,4,0,1,0,2,26187,113333,12235,16432,7,20,20,39,1,21,28,7098,7041,1295,14,34,892,369,473,11,10,10,44,26,34,4,2,1,2,1,1,1,4,2,0,2,0,4,1,4,2,2,1,0,1,0
UNDR03_1HBb-bin.54,31919,5121,41,2,2,0,11,2,7,27467,93790,844,1298,86,5,357,106,0,524,2029,38744,14240,3456,177,82,24699,7912,10001,1675,1139,2941,11763,10381,12983,3,5,3,2,7,10,5,6,7,6,3,5,5,6,2,3,8,6,3,7,3
UNDR03_1HBb-bin.56,56483,3545,10,7,20,4,23,9,11,90077,303006,975,1908,105,410,216,565,618,2129,852,64030,5668,5252,240,93,14402,3123,3377,15,23,22,201,193,113,10,18,13,17,21,8,18,16,16,23,24,22,16,19,23,19,20,18,12,15,7
UNDR03_1HBb-bin.6,16305,9042,26,48,30,7,66,71,55,175947,610062,773,1655,103,41,51,272,57,341,31,17907,29245,5152,240,459,104235,44226,61532,133,109,148,1653,1249,913,29,19,19,22,28,19,23,37,32,20,29,32,26,35,29,44,41,30,13,17,16
UNDR03_1HBb-bin.60,241,367,5,2,7,1,5,4,2,34473,153577,7166,7025,18,35,1,14,5,126,115,629,1312,205,40,61,255,266,339,6,2,4,6,3,6,3,24,21,27,39,3,30,25,37,34,4,16,10,32,33,7,2,9,0,11,10
UNDR03_1HBb-bin.61,120,28,0,0,0,0,0,0,0,4498,18243,66,89,2,0,0,0,0,0,0,178,71,13,1,0,168,60,85,0,0,0,0,1,0,0,0,2,1,0,0,0,0,0,0,0,2,0,0,2,0,1,0,0,0,3
UNDR03_1HBb-bin.63,15985,1588,8,6,9,2,3,1,4,11110,51516,225,389,2,0,7,14,29,24,68,19855,2281,2169,16,6,7835,2100,1583,9,5,12,34,44,26,8,8,3,7,12,4,5,11,5,19,13,9,8,7,6,15,20,14,10,10,4
UNDR03_1HBb-bin.76,18909,7093,32,44,31,10,58,43,35,23764,116621,344,564,28,8,15,60,18,113,7,21924,22040,4083,87,83,55287,15581,18888,161,160,196,3784,3002,3146,30,10,18,23,21,26,25,48,21,20,41,25,24,23,16,44,21,23,11,19,9
UNDR03_1HBb-bin.78,5392,3536,1,1,1,0,4,3,0,66585,214068,641,1004,365,0,0,0,1,5,4,10993,12034,1610,355,2316,87015,34834,38501,232,191,156,9470,13353,12664,1,1,4,1,7,2,0,1,1,1,2,2,1,0,3,3,5,0,2,2,2
UNDR03_1HBb-bin.79,11798,7881,5,11,10,1,4,2,5,23846,121546,994,1349,14,4,4,12,1,32,55,12783,16595,8684,41,24,40570,11685,14531,30,24,43,229,231,242,17,6,12,14,22,6,2,6,8,20,11,10,13,19,11,20,23,19,18,32,10
UNDR03_1HBb-bin.85,3065,2644,171,20,16,2,4,10,7,18596,72903,10360,15126,4915,0,0,3,0,6,2,6031,11447,1211,10358,8738,18282,8797,11271,4473,5905,6822,6509,5408,5305,3,6,1,3,4,8,6,9,2,2,6,7,3,4,5,1,5,1,0,8,1
UNDR03_1HBb-bin.91,8384,4420,5,3,2,2,4,3,0,19628,74164,364,575,60,0,4,8,15,78,249,9211,11321,4264,164,56,12412,4804,5576,49,45,71,268,319,393,1,3,4,2,5,4,3,0,3,4,3,5,6,8,1,2,7,6,0,11,4
UNDR03_1HBb-bin.92,5526,6427,10,29,17,4,38,65,49,80232,328555,1223,1942,23,16,26,98,17,107,13,8413,23785,3372,43,84,51455,20711,21151,50,56,29,1984,1049,2093,27,18,23,14,29,22,24,39,30,32,34,33,24,25,24,41,40,24,5,13,7
UNDR03_1HBb-bin.97,2598,315,3,3,5,0,5,3,0,18172,62844,1114,1687,0,0,1,4,0,13,14,3955,669,300,0,0,30,19,10,0,2,4,3,0,2,9,5,6,4,7,8,7,5,5,6,4,3,6,9,3,3,1,3,2,2,5
UNDR03_1HBb-bin.98,5376,7008,85,21,11,10,7,10,10,29152,77300,78,168,0,0,0,2,0,1,0,5807,23314,3256,8,7,24623,9768,13027,130,101,115,1914,1425,1931,1,0,0,0,2,1,1,0,1,6,5,2,3,3,1,11,6,7,6,1,4
UNDR03_1MAa-bin.0,43316,22388,19516,13841,13808,20314,11896,12585,13779,41677,30430,336627,273438,8974,11620,12612,27810,11144,27994,25179,129826,20245,53242,22734,12900,33967,11575,16181,12693,14013,15272,17328,13681,13070,27,19,30,18,46,19,19,35,24,59,27,38,49,54,52,39,66,45,23,134,39
UNDR03_1MAa-bin.11,705294,992692,432,56,62,35,58,44,57,12404,67432,6108243,8746144,31229,11,18,34,13,71,51,888017,743610,1828127,61314,31386,17256,6656,8527,5254,5418,6739,5033,4554,4431,87,53,42,41,70,65,58,33,46,88,102,104,75,93,88,87,79,58,52,753,60
UNDR03_1MAa-bin.16,70315,234145,95,35,33,14,35,29,19,7518,27532,487195,793636,912,20,3,23,6,40,33,87127,349470,319055,2195,1219,2663,854,1073,1623,1497,1907,2638,2168,2398,67,39,55,41,117,46,59,26,58,95,70,87,95,107,90,94,96,77,50,383,52
UNDR03_1MAa-bin.20,25221,48585,38,20,28,5,21,25,25,2120,15211,389376,646271,1982,23,37,55,19,59,96,41444,38099,84771,4551,2122,931,323,400,121,163,160,161,129,105,23,21,19,13,20,10,5,15,14,19,11,18,20,33,15,20,22,19,8,39,19
UNDR03_1MAa-bin.27,2359,2543,6,4,4,3,2,6,6,405,2118,147363,239684,1364,7,4,9,4,7,12,5182,2942,5163,3131,1620,1067,391,441,16,22,15,37,17,35,12,20,15,12,18,7,110,13,18,13,13,101,59,37,7,12,23,12,9,33,27
UNDR03_1MAa-bin.28,59130,51610,16,5,5,34,13,3,13,1420,8246,252196,292375,1901,2,10,14,4,12,8,83194,29190,91488,4808,1867,1668,595,751,256,270,307,289,258,350,13,7,5,9,13,4,6,7,8,8,5,6,24,16,13,16,14,11,6,31,45
UNDR03_1MAa-bin.35,826122,1206261,923,1584,1148,246,550,657,566,4992,30365,704280,1133730,2392,429,44,64,235,145,200,1393753,943777,2607274,5302,4109,18965,4691,4038,1166,1688,2186,2460,1700,1529,2770,2051,3013,3309,4931,1920,1983,1948,1676,7011,4480,5733,4525,5240,5427,7086,5240,4430,775,3072,1258
UNDR03_1MAa-bin.5,433,544,0,1,0,0,1,1,2,22,107,152565,230976,54,0,0,0,0,1,1,698,1084,545,169,99,18,12,9,1,7,5,13,20,20,1,1,1,1,4,2,2,0,3,3,1,2,0,5,4,1,3,2,2,1,0
UNDR03_1MAa-bin.6,30849,18816,17476,10532,11556,1479,10235,11242,11453,4994,23602,274932,255036,7406,9471,11040,23554,9886,22575,22781,97316,17748,44536,19210,11507,26934,10963,16555,11809,11509,11739,14493,11269,11167,27,20,31,40,48,22,19,23,33,48,25,51,58,76,47,47,54,42,31,81,63
UNDR03_1MAa-bin.8,1744,4507,9,2,2,316,20,28,18,1929,6884,155913,198790,2425,33,10,3,1,93,8,4904,10110,4123,3860,1764,3527,1281,1992,31,48,39,134,63,67,1,56,140,149,154,104,86,132,178,178,70,30,82,166,165,7,8,12,23,85,46
UNDR03_1MCa-bin.1,218,226,0,2,0,2,1,4,1,43,114,17699,308213,10,2,0,4,1,8,12,501,402,562,22,19,63,13,5,8,4,6,6,5,3,10,4,3,4,18,25,12,10,2,5,14,17,13,20,8,8,8,3,6,155,10
UNDR03_1MCa-bin.10,10492,6022,2579,1822,1925,2756,1600,1729,1836,5786,4173,114760,144555,1443,1504,1629,3855,1565,3763,3362,25901,5498,13543,3588,2080,4733,1583,2156,1725,2016,2092,2431,1905,1809,14,12,17,11,19,9,20,18,14,28,14,25,20,31,21,18,35,36,18,42,15
UNDR03_1MCa-bin.11,51365,67609,17,14,3,99,9,17,6,1930,14411,724117,1118182,989,8,13,14,7,16,11,77894,129543,106592,542,825,4038,1513,1249,61,158,139,266,168,135,15,13,13,9,21,5,5,9,10,29,20,11,21,23,21,20,33,31,11,29,15
UNDR03_1MCa-bin.12,91,270,1781,2161,2483,602,1874,2051,1905,78,248,189633,385576,316,118,225,340,89,213,44,240,781,241,584,320,188,48,104,710,722,376,1582,1259,841,224,174,463,461,492,234,304,627,531,490,502,196,358,516,563,490,339,193,44,280,190
UNDR03_1MCa-bin.13,2539,3140,3,12,9,0,12,5,8,13,31,48185,89180,124,10,2,13,1,20,3,4326,6537,3487,275,115,38,7,10,14,18,29,36,30,21,8,7,5,4,13,9,8,11,17,12,6,7,10,3,11,12,12,4,2,3,8
UNDR03_1MCa-bin.14,41189,43088,14,8,4,2,7,4,3,181,1016,144253,214456,244,1,1,8,1,10,3,64475,42692,83889,507,281,226,56,64,100,100,103,74,71,72,16,6,9,10,22,7,8,12,13,21,17,22,21,22,16,20,24,21,11,63,13
UNDR03_1MCa-bin.19,562,499,15,12,13,1,9,8,11,13,52,8151,77266,21,10,6,14,7,24,17,1688,660,1368,36,28,52,17,9,12,4,13,15,10,8,11,8,6,7,10,7,11,9,7,13,14,10,12,10,16,16,16,10,9,14,0
UNDR03_1MCa-bin.20,69371,86227,7,0,5,3,19,7,2,4376,10986,99952,145388,721,2,1,2,0,12,11,93734,123746,130287,2384,2138,582,167,172,86,147,125,126,112,105,15,9,13,4,22,9,52,1081,138,26,13,149,410,353,46,13,18,9,8,772,294
UNDR03_1MCa-bin.24,3664,2565,3,9,7,3,4,2,2,46,169,94218,217391,75,4,5,10,3,10,15,6879,3615,5839,239,116,138,24,9,12,20,23,34,13,14,973,100,142,86,69,1320,1108,326,125,353,881,1414,638,343,179,29,31,10,115,20223,660
UNDR03_1MCa-bin.26,2395,4170,1,0,0,1,4,2,2,211,703,89023,138799,235,1,2,5,0,2,3,5241,6031,7061,563,225,32,5,8,4,8,5,13,8,2,7,3,7,6,5,12,26,712,118,18,8,92,279,207,55,13,21,16,8,565,176
UNDR03_1MCa-bin.27,1583,23291,105,148,165,36,123,80,80,166,954,436922,601466,175,56,57,119,35,159,183,3758,97752,8219,256,192,477,162,153,102,143,118,165,112,115,58,35,46,45,39,49,46,70,44,35,82,50,43,48,34,77,56,35,15,48,32
UNDR03_1MCa-bin.29,68,145160,1,1,1,0,5,8,5,104,389,174261,227435,177,1,0,2,0,3,2,134,529842,35121,724,310,17,9,14,65,76,84,10,6,12,2,0,1,4,1,3,4,0,2,3,1,3,4,1,4,4,0,2,2,2,1
UNDR03_1MCa-bin.30,175,242,3,2,5,2,2,1,1,29,117,283967,574006,64,0,0,4,0,1,2,456,416,506,133,37,52,14,5,5,4,12,9,11,7,5,0,5,4,10,8,7,6,3,13,10,5,9,8,1,4,10,5,3,31,5
UNDR03_1MCa-bin.33,155,365,8,6,11,4,8,4,2,1012,5075,163905,212323,2259,0,2,6,0,8,11,544,290,394,5335,2389,3069,1227,1457,5,16,9,19,10,17,8,4,5,2,9,11,9,13,15,10,8,4,4,9,8,7,12,8,5,13,7
UNDR03_1MCa-bin.34,211,237,2,0,1,2,8,9,6,306,1555,339824,442948,181,0,0,2,1,3,8,630,382,433,529,302,183,66,74,7,12,6,5,3,5,9,8,3,3,12,3,5,6,13,11,8,12,12,5,11,8,14,10,2,10,5
UNDR03_1MCa-bin.35,454,396,0,1,1,0,0,0,0,78,484,21768,34915,34,0,0,1,0,2,0,1179,731,505,58,15,10,5,7,0,3,3,3,0,1,3,0,0,1,1,2,1,1,1,1,1,4,1,0,1,3,2,3,1,0,1
UNDR03_1MCa-bin.37,7668,17645,3,6,8,0,4,2,0,61,332,36846,64376,276,0,0,0,0,5,0,16766,13746,38135,684,260,220,48,53,22,37,41,63,31,19,28,13,26,14,36,8,8,7,18,46,26,32,51,46,44,48,30,34,19,27,21
UNDR03_1MCa-bin.38,11988,17126,39,45,35,14,30,52,33,423,2516,76294,150337,537,41,27,77,36,92,94,22881,13749,36119,1200,621,595,203,234,133,133,160,184,148,164,106,16,26,12,39,17,8,15,18,29,35,37,35,42,29,38,48,26,18,55,28
UNDR03_1MCa-bin.39,72,49435,2,2,3,0,4,1,1,49,238,116399,162857,195,0,0,1,0,2,1,177,197538,12126,296,104,18,10,4,56,69,83,4,1,2,4,0,0,0,2,3,3,1,1,3,2,1,2,1,6,1,4,2,1,2,5
UNDR03_1MCa-bin.40,10916,24691,15,1,3,2,5,2,0,2719,13209,312811,436632,2546,0,0,0,4,3,9,29978,30676,27554,7133,3481,5973,2803,3371,173,246,279,320,245,187,6,2,4,0,2,6,1,7,8,4,5,1,2,4,4,4,4,3,0,0,4
UNDR03_1MCa-bin.42,734,1180,0,0,3,1,4,2,1,30,100,28655,157860,19,0,0,6,0,6,6,1384,2736,1836,33,17,23,5,2,3,10,3,5,8,8,20,3,8,5,13,19,13,14,8,13,13,21,24,14,12,7,10,9,9,205,7
UNDR03_1MCa-bin.46,3864,5268,6,7,5,3,2,1,3,207,1120,37993,64074,97,1,1,3,1,7,4,7219,5749,11345,218,110,265,81,100,27,35,38,60,42,30,16,18,18,15,33,18,7,5,14,21,27,29,35,41,37,26,29,21,13,70,14
UNDR03_1MCa-bin.47,9153,19785,11,2,3,0,4,3,9,670,4688,190003,277070,1977,4,3,16,3,10,11,17281,14316,38161,4385,2131,2462,772,952,102,146,133,194,128,149,15,10,9,6,19,2,15,17,8,11,9,22,27,27,26,18,14,11,14,24,14
UNDR03_1MCa-bin.50,6246,10896,9,6,9,1,5,4,12,1320,7239,445674,693520,3678,4,7,9,4,15,23,12584,11242,20332,8582,4217,2486,738,972,77,70,92,99,62,66,17,13,11,7,22,5,115,15,15,19,15,114,58,33,26,14,18,15,14,42,20
UNDR03_1MCa-bin.51,3186,7032,44,64,60,11,19,28,23,1035,6523,300159,487699,287,11,2,6,3,23,16,7891,6220,13114,86,100,1207,175,124,36,43,57,75,54,40,107,71,128,138,187,61,76,75,109,235,138,232,167,187,189,240,215,149,64,140,42
UNDR03_1MCa-bin.54,5140,6096,313,176,176,13,132,208,179,898,4546,242262,362361,3369,206,191,383,156,379,352,13281,6274,13430,8216,3957,2766,898,1346,202,214,248,310,193,212,19,15,7,13,17,10,10,33,16,27,14,27,41,38,19,20,24,19,11,69,166
UNDR03_1MCa-bin.56,29459,32156,11,0,0,0,0,0,0,157,897,137720,349294,294,1,2,2,0,5,4,45634,31230,63116,610,317,212,55,72,87,78,113,68,63,54,14,9,11,3,9,15,3,6,14,24,9,10,17,13,12,14,20,8,12,80,13
UNDR03_1MCa-bin.58,57091,60409,15989,10844,11767,4769,9723,10803,11059,9833,24757,279542,250469,8415,9367,10485,21785,8869,22125,18913,139681,54207,135133,22694,13447,43258,13699,16363,10770,12034,12473,14821,11401,10692,1497,922,1638,1807,2783,1072,857,1104,854,3823,1860,2542,2181,2605,2975,3409,2500,1213,366,1658,676
UNDR03_1MCa-bin.60,39575,23722,21841,13489,14579,1217,13024,14271,14650,4179,30051,343100,323663,9561,12078,13876,29591,12352,28639,27531,120855,21976,56653,24452,14418,35002,13210,19462,14358,14763,15226,18626,14682,13728,40,28,34,27,61,16,15,22,40,62,39,60,69,94,66,55,60,55,35,118,160
UNDR03_1MCa-bin.63,434,872,1,1,1,2,0,0,0,1095,4375,109433,195595,542,1,0,1,0,1,5,934,1663,1226,1413,630,592,206,251,7,6,8,9,12,16,5,1,1,4,7,4,5,8,2,7,12,9,10,8,7,9,16,3,2,42,11
UNDR03_1MCa-bin.64,37,39,12,10,6,2,4,8,2,63,331,17361,29754,84,6,7,33,4,16,9,248,55,106,175,124,194,61,79,6,7,7,9,2,9,15,5,10,11,6,11,14,12,10,6,14,25,17,35,13,12,10,16,4,21,12
UNDR03_1MCa-bin.67,1483,1829,2,4,7,0,5,11,1,117,443,53730,143174,50,0,0,7,0,9,17,7392,3303,3531,93,49,74,20,10,14,18,14,27,23,19,51,18,12,10,35,71,45,33,23,48,40,62,39,38,29,33,42,21,25,722,42
UNDR03_1MCa-bin.68,1809,3834,104,0,1,2,2,0,1,589,3022,70616,103547,19413,12043,19821,31059,7493,24351,160,4704,6060,4158,41077,24817,24486,14393,17939,3243,3557,4275,3304,3049,2603,2,2,1,1,1,3,0,3,2,5,5,1,4,2,2,5,3,3,1,2,0
UNDR03_1MCa-bin.70,68,130,19,27,26,14,29,31,29,3,30,20982,38926,6,5,3,19,3,18,8,162,251,83,17,8,29,3,0,8,17,12,34,20,17,26,8,13,12,20,23,17,28,19,21,29,11,14,11,24,28,20,10,2,17,11
UNDR03_1MCa-bin.71,68,110,1,3,3,4,1,2,0,7,17,8675,109500,113,1,0,2,0,5,6,203,371,153,286,168,8,1,2,5,2,2,5,1,0,6,4,4,3,8,7,3,2,9,6,3,3,3,4,4,8,8,5,1,9,5
UNDR03_1MCa-bin.72,324,244,2,4,6,0,1,4,2,22,108,47375,94398,213,2,3,6,0,7,9,772,390,417,531,256,25,14,6,5,3,5,5,16,5,10,5,5,5,14,6,3,2,8,5,8,12,9,10,10,6,12,9,6,16,6
UNDR03_1MCa-bin.73,508,254,1,0,1,1,3,0,3,1228,4265,1875,28015,19,4,17,33,0,23,115,901,558,257,44,21,427,219,126,4,5,6,20,17,11,1,0,1,2,6,3,2,2,0,2,2,7,7,3,4,4,3,5,3,9,4
UNDR03_1MCa-bin.74,19586,23799,4277,2658,3002,139,2475,2893,2881,703,7458,132800,191704,2346,2446,2726,5629,2538,5455,4950,46661,21316,49269,5962,3462,7155,2655,3658,2749,3077,3076,3819,2938,2948,57,26,31,21,47,18,10,18,29,40,36,45,51,60,36,27,52,29,21,165,49
UNDR03_1MCa-bin.75,1791,2342,3534,5639,5799,1808,1169,1800,1408,11,46,166674,263799,239,7,6,27,3,21,1,2433,6076,1837,550,185,24,6,5,1362,1212,2419,2075,1201,1013,2377,641,1630,1900,922,2388,2095,2784,783,821,3851,1598,1522,1098,694,4630,3269,323,510,1508,899
UNDR03_1MCa-bin.76,30782,12167,5,8,1,4,9,3,4,605,2623,54234,106728,799,2,1,3,0,11,7,30031,24844,12696,1995,966,909,291,402,91,96,118,797,923,945,13,9,13,7,25,14,7,13,14,15,10,22,20,16,21,21,27,13,10,84,11
UNDR03_1MCa-bin.77,24777,18076,12155,6915,7532,1583,6749,7447,7723,5207,16285,209696,229519,4832,6319,7317,15665,6713,14364,16439,74418,17247,38500,12999,8152,17430,7781,11809,8465,7529,7447,9414,7785,7613,34,26,38,27,49,18,23,80,29,33,29,53,79,90,43,54,55,52,20,148,123
UNDR03_2-bin.27,2999,9171,126,6,5,5,3,3,0,1196,4139,185247,261854,240831,2160,148,185,680,17732,101,7354,22141,10060,273904,109173,324366,92250,147859,3705,6257,4346,11024,4857,2692,5,13595,30756,30798,16812,35,8287,14708,13540,20881,27,10433,11184,12417,11851,6,0,5,10865,7796,5582
UNDR03_2-bin.28,416,770,15947,9030,10840,2888,8596,10609,9558,5,53,17,29,125228,25529,14188,2949,8385,2181,63066,1322,857,880,41732,26004,45817,31828,47074,9098,6368,12047,14875,8414,8394,4154,9282,9650,8281,10897,3139,11980,10657,5743,14606,6249,7992,8389,9907,13565,3816,3445,4812,3232,9279,4177
UNDR03_2-bin.3,7389,13039,1288,21224,15671,2451,2512,5799,3880,62,288,10337,13669,46511,132950,71,102,2299,15222,147,17678,10393,28587,5952,168578,169967,33748,21333,1502,3994,4444,10827,13237,7736,114331,302551,288965,415069,137355,90065,249161,165625,232461,182153,91950,463965,222615,296728,186594,248551,186033,35614,113987,256414,60006
UNDR03_2-bin.30,37358,4300,104,166,161,35,91,98,89,3963,12745,475,307,271177,1345619,730907,1136554,1094485,1516846,770722,85973,5406,4184,782957,9101,3203367,1354564,1011312,742,5380,4407,9870,7142,11439,4,5,76,113,104,0,4,48,60,102,89,39,46,133,139,33,24,79,97,59,104
UNDR03_2-bin.31,146,165,2077,1555,2163,581,1008,1309,1134,6,31,17,19,33045,216,490,206,44,26,55,344,233,215,28494,1322,3526,4510,2047,2449,2400,2179,2198,1925,1392,2337,333,657,157,116,2247,819,1354,256,154,3842,1180,1039,766,239,1385,1232,727,126,188,190
UNDR03_2-bin.33,5383,28254,29,1,5,1,7,4,2,83,301,537,13312,187794,417,302,399,222,618,837,8319,98031,15761,738470,257278,108771,27034,6660,2385,1540,2228,14889,9964,7305,15,4,10,7,4626,10,4,5,8,4032,16,10,11,22,1041,4,7,9,1459,625,109
UNDR03_2-bin.34,2093,204,18347,430,521,170,426,476,428,687,4061,230,273,4742445,2981654,4856669,7306824,1840571,5748440,48707,3448,837,183,9732444,5890185,5317099,3192248,4085838,452498,651112,803483,719184,670450,600872,81,57,61,65,96,56,85,95,100,73,79,63,60,76,77,103,100,43,31,47,17
UNDR03_2-bin.35,3629,296,9165,4050,4857,1381,3055,4187,3382,10,44,32,40,362601,413058,1845,2293,980,2990,3914,9589,429,299,630927,1163123,3448,7669,2913,3832,3769,5230,5344,3685,2497,3340,6581,4931,5367,6682,2539,9815,6185,4856,7466,2317,6844,4368,5512,6458,834,786,1900,1380,4231,1821
UNDR03_2-bin.36,195,593,256,228,272,74,155,222,156,0,7,9,22,96474,750,282379,334,651,75,380,624,583,634,1606552,573377,947,643,44739,114,125,139,234,106,86,108,128,110,97,98,110,152,61,45,139,128,121,72,92,112,207,151,63,47,75,47
UNDR03_2-bin.37,1231,702,4945,1885,2347,560,846,1005,976,154,939,801,705,166971,35622,2038,20581,7878,1352,10321,3568,1108,1239,716676,230521,11650,20029,7505,2353,1833,2724,1818,1521,2547,383,985,442,694,491,801,2510,3655,2164,617,2143,1350,2421,2402,672,1315,1241,990,260,738,486
UNDR03_2-bin.38,23910,15899,537,183,237,65,154,181,166,37000,137284,2134,3937,101990,68520,63161,115937,58427,150896,237141,37959,52460,9779,251965,106085,220413,78274,85687,4421,4070,6201,10645,9293,8357,96,131,202,162,778,86,207,376,123,777,228,137,181,127,273,136,131,132,217,294,69
UNDR03_2-bin.39,184,91,7,8,1,1,7,4,5,2140,7718,188,183,208378,6,7,584,333,898,106,351,319,73,368810,249999,251478,108075,188811,41,148,59,248,102,175,11,2,7,6,7,4,6,4,3,6,4,6,3,8,7,4,2,1,5,17,1
UNDR03_2-bin.41,26850,26188,171,28,35,10,5,4,6,7386,32537,999,1302,96386,31,1,8,10,11,12,35284,94188,12671,234514,84917,343691,112472,185639,1555,1556,1666,3442,3375,3490,8,7,5,2,5,16,2,7,10,6,15,6,4,5,5,26,47,5,3,9,5
UNDR03_2-bin.8,61874,10143,74005,2277,2227,811,1599,2183,2056,1038,5843,749,1202,13173701,19823366,23407630,30490499,17143833,12611763,2595091,95031,39235,4976,30373521,18039775,9800208,4803635,6803899,1676254,1660872,2457682,1583028,1683364,1139590,67,53,63,42,84,58,88,91,78,74,96,56,57,74,75,107,95,65,33,39,18
UNDR03_2-bin.9,488,650,30,48,32,5,19,27,13,14,51,381,410,45898,117118,682,72,765,164,21,1955,704,2050,81557,117048,590,253,106,23,39,48,58,34,33,81,102,117,109,119,51,80,58,83,167,99,186,140,152,141,165,142,81,59,109,36
UNDR03_22-bin.1,93,144,25405,24131,22501,4563,13640,15367,10653,5,23,18,6,14057,139757,169445,510,1164,202,11970,496,172,191,593354,3405,22733,7266,13247,5803,1700,3122,3022,2528,6597,431,875,1426,872,1120,301,1101,1499,665,1389,9241,1300,767,719,1387,6126,6324,1932,378,620,410
UNDR03_22-bin.16,3302,1357,17134,1325,1666,539,1355,1759,1394,5108,26304,808,1185,755032,2364953,145117,3613458,96725,168948,14031,5078,4839,711,1054114,528635,506519,295166,454865,325593,422051,285225,100969,115658,68410,220,110,151,97,172,133,146,231,127,164,136,147,122,162,171,188,171,39,92,63,46
UNDR03_22-bin.18,47,35,484,889,1223,187,412,767,721,12,61,12,30,193960,338018,502272,532858,128382,142686,182325,213,68,50,546976,557755,24485,10967,36855,2019,1143,2292,1945,1624,981,41,24,23,20,50,31,32,22,179,87,72,20,11,45,40,127,127,47,19,28,23
UNDR03_22-bin.19,3347,723,12891,5392,6063,1848,4244,5729,4647,2742,10249,408,298,26415,565308,20934,7220,438216,591987,567769,6694,1373,744,23065,12800,478715,203342,157820,7212,5065,7455,8611,6099,6460,1659,3962,4953,3356,5415,1336,5173,5050,2850,7108,4601,3899,3886,4342,6351,1564,1563,3082,1758,3451,1880
UNDR03_22-bin.2,92315,121404,560,163,180,284,58,60,71,8810,38742,549,678,3255,2171221,1839778,3599189,1471842,2515070,2976123,135670,157140,132275,76001,29718,2697088,1066344,1695739,27138,32070,39314,15677,13695,15479,28,11,7,11,16,11,7,11,7,16,28,12,17,21,8,131,124,61,14,260,11
UNDR03_22-bin.23,231,211,6,246,216,24,429,111,197,130,538,124,177,1408,64719,29011,50111,1939,3725,5099,524,292,306,4450,2657,8139,1376,919,42,78,69,87,66,68,52,68,116,65,71,26,61,76,37,103,53,27,16,7,61,24,14,28,5,95,8
UNDR03_22-bin.24,94780,13311,167,4,7,0,6,4,12,651,3624,127,168,7925,104763,16,14100,3,22,32,186608,21407,11685,7779,4083,32673,17860,37598,5683,5718,6403,14669,12218,12467,3,1,2,0,2,1,1,4,2,1,2,0,3,5,6,1,1,2,1,3,4
UNDR03_22-bin.27,2747,1925,2236,1432,1876,346,1125,1077,947,514,2538,3084,3580,261916,184365,20362,14775,13697,17975,8356,5979,2718,3195,692465,199121,9174,3125,7225,1708,1415,1933,1633,1047,1281,476,543,514,510,735,422,802,586,435,803,1147,602,520,623,593,718,684,569,205,537,298
UNDR03_22-bin.5,635,805,7952,6751,14585,2511,4397,3157,4501,85,399,79,78,312970,378172,364960,290080,198621,226479,579,2540,818,1323,626802,422988,841502,375073,385080,2155,736,2618,2855,2091,3381,9807,4993,5114,8790,32976,4737,4492,3397,5413,26136,7074,4329,2848,5673,8813,1189,1093,3319,2350,4588,1328
UNDR03_23-bin.1,18,25,2094,1332,1695,335,1034,1387,837,3,10,9,24,274141,175627,81154,35908,30359,2744,12134,83,35,13,547082,335383,82970,66281,77886,750,758,872,744,772,723,324,444,436,399,430,445,817,737,321,534,427,493,434,469,481,1392,1414,437,126,337,160
UNDR03_23-bin.23,1795,117,192,230,241,37,182,198,178,461,1663,124,119,10277,58,1889060,600,145204,3416,243186,4494,271,273,53239,43578,1161582,448334,322841,2475,1101,2386,16367,18747,13660,331,893,1166,325,271,286,960,1015,377,288,430,904,902,773,277,239,217,252,101,86,70
UNDR03_23-bin.25,5703,1615,7988,6558,7436,1494,5012,5766,5416,10810,32419,2513,2794,24167,346457,420583,477463,3461,7494,10909,12313,2741,2396,101546,53384,12760,4745,7026,5752,6062,6217,6380,5832,5159,2073,1789,2074,1987,2371,1869,3124,2936,1539,2597,3612,2446,2020,2137,2044,2711,2328,1748,660,1616,911
UNDR03_23-bin.3,345,209,962,726,790,232,594,725,527,60,298,495,507,541,733,629638,1230517,446,1201666,1671709,1211,364,336,98347,57486,1278,550,130886,860,673,2329,779,619,711,316,481,463,445,606,531,929,971,1045,633,409,651,678,1018,600,300,302,232,218,454,282
UNDR03_24-bin.13,10,4,40,43,32,7,19,16,24,0,5,1,6,10316,6373,88034,101389,23825,791,143927,61,6,4,81522,55515,2361,2961,4358,28,19,27,50,55,28,7,6,3,3,8,3,1,10,6,9,7,1,7,3,2,215,213,8,4,6,2
UNDR03_24-bin.14,98966,5065,1974,1776,2051,454,1379,1682,1389,7373,41366,288,416,154502,99113,50377,74553,44844,139641,87073,112587,16048,2939,325463,273185,182734,90797,129500,9729,8054,13487,10816,13819,10222,225,142,327,202,191,207,204,334,107,204,1693,246,214,197,174,4164,3383,3187,142,198,411
UNDR03_24-bin.18,2052,334,784,702,759,258,4063,3946,3918,8258,42708,88,99,84034,7164,9643,1479622,845052,2184120,215626,3184,1337,186,240440,245410,485751,237807,249271,6510,7598,8863,29880,25530,24772,206,102,104,84,111,133,157,156,106,99,174,146,87,111,108,138,140,112,71,75,46
UNDR03_24-bin.24,823,121,33,22,34,10,19,26,13,188,972,117,61,91,112,114,171732,27284,161876,66715,2398,187,325,175,4226,30439,16723,25933,225,198,264,650,862,704,35,26,24,16,40,20,36,36,35,44,45,48,38,43,30,33,54,32,24,28,12
UNDR03_24-bin.3,69823,3947,10123,413,412,127,297,339,314,14376,70617,1245,1524,113344,8904,13357,405157,5611,13764,2265,85853,13913,2085,228033,111933,312127,144559,186903,254477,201499,299931,272286,276189,210991,45,32,26,29,68,29,51,52,57,105,57,44,28,51,93,45,53,35,21,48,31
UNDR03_25-bin.0,19,12,295,307,422,60,206,230,250,16,53,42,29,1785,2406,3264,3396,255402,5603,3638,141,19,14,4576,3701,11634,451,1436,142,370,150,196,142,107,78,39,30,24,53,128,94,128,127,66,214,64,55,67,33,484,528,272,19,37,50
UNDR03_25-bin.13,116,11,159,106,95,28,173,172,166,38,156,16,11,36836,110182,26417,68994,112252,46608,73572,632,31,37,72720,25645,10842,5401,5993,22,48,113,55,27,13,32,19,27,10,37,51,48,31,18,39,239,53,20,31,45,83,78,194,29,43,28
UNDR03_25-bin.15,25132,3590,18767,767,691,231,435,514,418,5227,27564,906,1214,729599,995507,2041608,2408247,6236464,13599193,147922,24225,13009,1795,2253996,1098573,493240,377829,552309,710920,913387,923677,227475,223891,188210,87,56,66,65,85,62,102,105,91,58,84,69,52,80,83,127,108,67,25,48,23
UNDR03_25-bin.17,5853,460,763,328,168,58,104,92,52,794,3413,72,81,39,202,2820,99,231884,695,697,13987,704,667,133,129,102555,23225,37442,205,263,117,290,162,367,41,73,91,48,65,47,67,96,36,83,76,65,76,68,77,46,45,71,23,34,27
UNDR03_25-bin.20,1818,208,1635,446,515,105,469,612,565,1954,7453,238,189,5632,6512,2530,2395,198278,170054,83768,3636,362,376,5169,2931,56192,30949,38678,748,227,972,860,1021,821,251,552,447,351,315,184,486,249,194,490,1245,966,455,527,430,626,547,655,792,420,296
UNDR03_25-bin.21,176,240,176028,93871,71769,31905,4262,5992,4658,1,5,11,19,81675,2719,126836,4213,354634,2688,8328,465,153,301,155224,2253,89049,13642,52219,97880,128624,192381,135734,140753,44038,7708,8480,6597,6058,8150,9436,20009,15346,6130,8819,24042,18035,17005,20170,11357,14420,14801,1691,15957,27760,12214
UNDR03_25-bin.22,245,54,1280,499,13275,220,807,1031,1224,202,902,45,46,413,259,16690,358,177149,574742,1536304,758,124,73,1635,1285,188633,124033,138607,10026,7902,9294,18316,10591,9247,349,175,249,108,70,464,455,771,198,93,461,479,513,449,127,343,389,160,120,169,81
UNDR03_25-bin.26,141,20,308,3758,4197,1172,1927,3097,3318,20,92,9,5,22,36,393,84,181986,105038,69231,595,37,62,65,55,63834,29991,13257,7294,4818,8631,9584,11393,10350,997,1821,1139,995,1640,6365,4340,3473,2896,1596,3689,3253,2239,2829,744,3861,4019,6032,3620,1019,658
UNDR03_25-bin.8,67,37,593,816,1264,249,747,455,410,27,104,38,22,9711,94087,62036,524298,467100,4568,57053,369,81,58,354666,197932,72720,7069,195028,695,1145,588,489,388,291,178,314,278,305,443,148,484,260,401,486,126,349,212,351,375,72,72,110,79,187,123
UNDR03_26-bin.1,4214,729,856,450,335,93,526,576,607,2804,11515,411,363,50,224,2491,84,151220,304066,15710,10625,1010,1569,166,90,249147,70825,101460,1995,506,2246,6513,7200,6914,2102,1352,1348,598,749,1753,1224,1155,407,1038,2263,2045,1270,908,821,1371,1110,248,735,615,153
UNDR03_26-bin.11,263,54,15,34,53,9,17,14,21,103,418,88,44,15,130,150,84,93223,130434,291,1153,95,126,43,19,8412,4216,87,5,9,19,25,14,9,39,27,30,20,60,26,36,41,36,61,41,29,24,42,37,25,19,29,21,18,22
UNDR03_26-bin.12,337,33,33,33,26,10,19,13,19,135,668,48,47,58,523,192,460,171830,146475,73634,1368,77,91,129,85,35303,24040,33147,52,16,29,27,19,18,27,27,18,16,46,21,43,38,40,40,38,37,29,32,29,30,39,27,17,24,23
UNDR03_26-bin.17,3109,1828,2223,1525,1974,353,1153,1057,965,564,2682,2945,3372,11894,1320,1212,98584,932,374825,251218,6627,2625,3072,6414,27470,79381,40658,39490,1591,1335,1316,1803,1209,1490,453,536,551,533,762,413,826,617,447,852,1040,570,501,630,635,681,647,544,200,564,308
UNDR03_26-bin.2,300,300,20,6,6,1,8,6,13,98,466,30,11,29,63,18379,50888,49723,407007,1274981,781,574,275,44512,57256,214188,123287,44751,860,803,601,1050,397,639,13,47,37,25,41,20,53,31,42,37,11,28,15,25,24,7,8,16,6,15,10
UNDR03_26-bin.23,1018,76,565,420,433,106,314,369,313,160,831,39,20,36,71,4393,57,84448,477828,9904,3222,147,144,185,141,198547,67142,67675,379,342,364,896,722,692,571,1179,1230,660,1218,433,1014,1091,537,1329,581,862,826,796,920,322,271,273,259,217,272
UNDR03_26-bin.32,13778,8048,41,62,55,11,4,1,0,48,150,7130,10080,19553,39128,28862,23007,44818,129551,391,32902,14377,9686,18784,19171,22765,10122,8405,3775,4123,5462,1293,694,619,21,192,113,129,153,18,164,74,67,160,9,82,75,45,71,7,5,8,84,51,27
UNDR03_26-bin.37,42,21,3763,697,880,270,1008,2123,1333,2,20,7,9,183,167,156,440,186,225596,2129,209,27,34,656,425,1316,45516,948,1936,1212,1784,988,1100,852,671,1319,1170,836,949,518,1676,1295,748,1148,603,1174,755,852,1024,226,251,326,251,641,331
UNDR03_26-bin.6,27,10,178,368,366,73,240,255,221,4,40,6,3,6518,6112,9206,17899,5185,482709,53224,170,21,21,18017,25087,3238,1186,2386,162,193,233,354,259,298,207,244,414,97,122,127,458,461,320,165,107,496,263,352,200,202,210,35,133,109,82
UNDR03_26-bin.8,4838,574,2145,1258,1364,354,3373,3704,3334,2808,13690,106,135,32595,47665,56111,96203,5762,61005,1110,5927,2288,289,152549,85947,84076,32689,70128,24073,22353,32274,22169,26250,21191,442,165,329,343,209,458,387,521,154,183,796,319,307,218,145,722,561,320,129,263,219
UNDR03_27-bin.11,1264,837,15732,6535,13438,2082,4914,5254,4853,154,855,899,893,1476,3282,2631,3027,3240,3033,2010994,3512,1110,1368,5828,3208,27015,15266,19301,6943,5352,5342,5496,3210,7931,2696,4248,3726,3684,4533,2188,5782,4769,2340,4916,8618,4330,3656,3778,4334,4309,3682,2910,1401,3525,1968
UNDR03_27-bin.2,4626,6541,245549,72624,141143,17246,38601,28777,33704,15,32,98,205,8747,31372,11795,20510,23924,6444,28871629,13945,4469,7102,35501,26185,1715529,1573331,1172338,74700,42857,26284,27726,17215,38518,6350,3899,3992,2730,2909,5138,6352,8520,2474,4132,105474,13747,7380,6501,4609,73310,58784,27260,6125,11082,10680
UNDR03_27-bin.21,84,220,323,35516,31792,1516,385,122,335,5,17,111,177,140,620,593,909,287,70539,154600,378,199,267,92,43,358,5589,3979,403,167,324,431,237,75,251,235,86,88,73,85,348,73,234,139,619,577,194,282,156,664,372,175,76,285,90
UNDR03_27-bin.28,8667,2380,6758,8180,10479,1898,4109,4519,4208,2430,12621,3107,3896,2421,2854,2887,4756,2565,8466,990333,15217,4142,3363,5812,3844,10894,4592,8719,4865,4070,4585,5693,4233,4255,12749,8139,8266,6386,9500,8061,7987,6326,5122,8280,5930,4497,4223,4150,4072,3987,3751,2655,2798,2503,2053
UNDR03_27-bin.30,1311,168,1421,4509,3343,1428,2724,2376,2183,243,1443,227,195,120,117,206,341,262,799,531731,3053,351,384,291,197,1128,341,17224,1043,794,1408,1182,988,1063,36059,21909,20402,11922,14900,22045,15969,11956,8613,11412,12215,8861,6239,5131,4764,5995,6646,11194,3078,547,1276
UNDR03_27-bin.32,7821,1878,12,86,126,13,54,55,52,9030,33797,263,290,6268,27671,45748,441227,3695,7357,467912,12737,5262,1610,6353,13113,28582,9750,13950,359,351,613,14378,13321,19934,22,7,12,16,10,13,11,16,9,11,38,18,15,14,10,100,114,52,12,268,13
UNDR03_27-bin.33,12160,2739,110,49,98,22,32,40,38,12329,49659,529,661,43883,5825,261791,88244,1577,376900,1528772,18283,7263,2433,104198,46346,480579,142645,255549,4594,4834,8744,7837,5864,5897,17,6,7,6,11,9,14,4,2,13,20,12,13,16,8,58,72,28,15,92,13
UNDR03_27-bin.34,113,116,913,8139,12271,2127,66444,20675,12744,19,93,48,46,2171,976,3744,5432,556,1718921,2518820,492,173,112,2204,1289,1518,7694,26175,4525,5760,5806,3566,1977,2580,302,424,138,702,812,278,661,323,1606,417,472,219,172,178,212,3576,3052,1543,56,112,399
UNDR03_27-bin.7,19133,1981,166,2793,3614,926,2968,1169,1403,74,216,45,62,225,6539,351,58913,13669,183231,946317,29858,4584,1583,745,14492,22122,9952,7424,2413,3196,3130,32588,24378,26774,396,8917,44073,13476,27579,433,8188,25248,9916,30090,342,7351,16863,27051,21207,117,106,51,18272,2101,3007
UNDR03_2HBb-bin.13,148349,15432,182,105,81,21,144,160,96,5098,18314,163,140,7,36,57,13,397,800,61,312463,10995,25068,14,8,65668,29299,40423,273,167,328,6013,6488,7893,117,247,284,59,142,95,223,216,53,227,158,292,259,185,171,122,138,54,46,102,32
UNDR03_2HBb-bin.14,48354,1261,4,2,1,0,0,3,5,286,968,13,30,1,3,1,5,0,8,23,83732,1952,1429,2,0,133,43,30,19,9,7,193,109,171,4,3,6,15,11,3,8,12,9,20,6,6,2,18,27,6,7,6,11,16,7
UNDR03_2HBb-bin.16,927484,999400,1006,239,381,43,171,106,122,4089,23582,1495332,2165544,7239,98,73,72,6,36,2194,1180463,883135,1884307,13697,6841,5853,2267,2861,6527,6347,7028,2969,3115,3352,60,49,42,36,61,43,40,28,51,80,394,99,79,66,81,223,198,218,64,406,75
UNDR03_2HBb-bin.18,188265,5518,3,12,5,0,10,7,12,3046,12024,116,165,3,0,21,5,384,126,49,308209,7943,5978,8,3,2688,731,830,66,41,63,2258,1799,2454,7,4,8,4,22,7,19,19,12,23,26,14,10,22,23,8,19,8,11,7,5
UNDR03_2HBb-bin.2,115369,6016,161,89,90,65,114,151,97,2496,8854,9765,13597,74,57,19,42,365,447,76,238147,5521,9337,167,120,3174,1172,1541,225,164,247,775,698,938,53,73,110,28,76,51,78,93,32,104,112,125,116,106,103,99,100,57,33,50,60
UNDR03_2HBb-bin.21,3282736,362326,33669,57364,61652,18941,32672,41533,37488,465339,2409005,27785,39444,19798,3705,2493,5831,2252,6935,9597,3994248,1121276,193626,52423,46451,497625,181069,269747,26956,31721,33853,259620,230523,174195,10460,10581,7368,7843,5628,8116,17171,10569,5976,5544,9102,12155,7125,7187,4865,15896,14145,5782,4103,7634,2551
UNDR03_2HBb-bin.24,170910,9878,464,337,354,66,282,277,231,903,3597,103,106,151,256,336,468,812,1375,1922,319135,11438,11948,433,225,3909,1416,1837,369,321,337,3552,3948,3741,184,143,138,123,155,164,246,260,131,192,272,212,155,181,164,172,182,143,57,77,59
UNDR03_2HBb-bin.35,101512,12123,7,1,1,2,3,1,3,5349,20487,111,141,9,1,3,1,0,3,8,220559,12756,14302,36,17,41692,18546,17505,137,121,165,1114,863,601,6,8,5,3,10,12,9,12,7,6,13,11,13,12,9,14,11,7,3,7,6
UNDR03_2HBb-bin.36,201457,17606,81,23,6,4,9,6,3,4360,17461,316,347,2,30,1,4,15,49,62,555396,16569,20563,10,3,1785,875,601,52,67,23,43,45,83,7,9,5,5,17,2,9,12,4,13,6,9,7,13,14,5,5,19,5,9,6
UNDR03_2HBb-bin.40,233449,194784,107,32,61,10,38,50,43,17,53,461,403,4,3,4,4,1,7,14,564114,323160,263160,8,11,43,8,3,781,1298,1403,2233,1676,1466,24,25,21,10,21,18,13,17,10,26,18,25,30,20,22,31,39,45,26,123,20
UNDR03_2HBb-bin.42,245857,487020,4503,7530,5674,1215,2442,2836,2830,289,1535,81335,115786,2746,317,18,36,187,87,42,492763,442610,1167368,5613,4750,17944,4255,3122,5217,3788,8950,7614,5089,5492,2996,2158,2973,3128,4910,2344,2134,1957,1552,7151,15694,18236,21525,28242,14012,19456,14185,20776,980,5268,4738
UNDR03_2HBb-bin.49,45585,790,1,1,0,1,1,1,0,3013,11185,50,50,1,3,2,3,3,6,33,73863,1213,863,2,2,1533,454,338,2,1,5,81,37,43,4,5,1,1,6,4,2,4,2,4,3,4,7,4,7,6,3,1,6,1,1
UNDR03_2HBb-bin.56,350927,8300,24,21,19,2,35,36,37,4888,23574,124,204,19,14,103,19,336,151,140,637870,12068,9291,26,22,6866,1965,3227,78,61,69,6288,6592,7106,21,19,19,18,35,22,31,33,19,35,16,27,17,24,38,15,30,15,8,20,13
UNDR03_2HBb-bin.59,121659,4191,15,2,11,0,6,7,1,2072,7779,21,39,4,24,553,42,35,107,194,168129,6086,4234,22,12,3578,1299,1724,57,50,51,2493,1635,2983,6,14,6,4,15,7,12,12,6,10,17,10,13,9,13,6,4,7,3,10,6
UNDR03_2HBb-bin.6,39227,8648,498,112,182,49,166,138,131,146,606,2080,2747,7861,21010,11934,5557,23417,4439,13558,86019,15053,10658,25775,11127,22020,10433,12068,7227,4315,12745,16190,10422,8498,2,3,16,11,13,21,0,7,4,14,377,20,4,4,6,31,42,1216,5,16,95
UNDR03_2HBb-bin.65,169651,83354,1,2,0,1,0,2,2,2,7,21,23,5,4,6,2,4,10,1,430948,160914,82977,11,4,49,10,12,89,79,72,193,177,237,4,1,1,0,2,0,2,0,6,2,1,1,1,0,4,4,2,0,1,3,2
UNDR03_2HBb-bin.66,249100,32331,12,4,1,0,12,9,10,10325,28975,484,342,9700,51100,27735,46325,39555,65114,32958,543752,39521,29432,28733,324,328178,167519,147215,1071,7399,6993,45196,33813,63806,1,0,2,4,2,0,1,1,0,1,2,1,0,2,0,2,5,0,2,0,8
UNDR03_2HBb-bin.67,410693,22047,568,569,546,1061,448,474,473,2138,5633,3308,2981,468,513,605,1100,321,1496,1021,759165,40537,17605,1146,787,2858,792,912,759,553,555,2095,1385,1061,93,128,151,118,146,92,193,194,98,137,183,101,111,125,137,182,184,112,51,112,60
UNDR03_2HBb-bin.69,64495,3388,12,3,3,1,4,7,11,79,342,150,169,12,14,40,20,61,191,551,181331,6270,2838,44,22,289,71,110,73,74,77,6537,6601,6006,5,5,3,4,7,6,2,4,11,7,9,9,5,17,12,6,5,3,3,9,7
UNDR03_2MAa-bin.13,243679,70561,102,43,47,14,26,21,28,28526,108542,328,492,30,32,27,51,13,253,441,522826,103921,94355,44,34,43593,11291,11847,793,969,1146,7262,4588,4053,28,41,26,28,71,24,62,40,47,54,45,32,24,45,34,28,25,40,11,31,20
UNDR03_2MAa-bin.18,15067,153411,141,69,115,32,144,140,119,1209,4762,1745,2254,637,36,39,78,34,143,9,36087,316517,167807,960,651,5030,1914,1543,933,1259,1253,2480,2632,1889,11,26,42,38,18,4,17,24,25,32,69,47,27,30,25,200,146,178,330,37,363
UNDR03_2MAa-bin.20,249238,506616,1200,1536,1206,279,585,685,614,312,1850,33511,51392,858,471,235,407,323,794,2092,464854,488914,1041349,1887,1632,9935,2177,1955,1291,1602,1935,2938,1795,1577,1844,1469,2109,2233,3357,1244,1473,1453,1224,4604,3180,3956,3250,3799,3635,4851,3727,3203,560,2221,1007
UNDR03_2MAa-bin.21,170331,315603,19,8,5,1,9,4,4,63,348,9484,12668,62,1,6,9,6,14,26,327991,290023,617583,119,61,96,26,25,337,639,500,817,555,545,28,31,39,28,62,17,17,34,31,60,41,42,74,82,69,56,73,57,42,106,49
UNDR03_2MAa-bin.23,106239,163379,110,118,109,21,51,57,59,368,1836,54030,73938,594,29,18,46,12,65,53,177990,146899,341632,1102,605,1263,267,238,739,731,729,1250,682,882,125,111,146,149,189,74,97,88,101,257,168,284,180,255,236,284,229,183,50,155,54
UNDR03_2MAa-bin.29,4060,11264,0,0,1,0,1,0,0,29,75,1052,1657,0,0,0,4,0,1,0,8470,25326,10039,0,1,15,8,3,2,3,13,11,10,8,0,1,4,5,6,1,2,2,2,3,1,8,10,10,5,2,2,0,0,0,1
UNDR03_2MAa-bin.37,84634,160369,399,666,496,115,241,247,208,30,117,3916,4743,39,4,1,4,7,7,12,164111,141684,324144,112,37,222,50,40,727,699,1212,1248,832,842,450,366,474,453,803,317,296,306,266,1107,1592,1851,2019,2591,1557,2111,1525,2060,135,641,475
UNDR03_2MAa-bin.41,12342,13438,328,27,30,13,79,98,106,2313,10239,7155,9137,11013,1122,1510,2144,934,1174,204,26420,55753,8639,24163,19052,25637,10404,15400,10639,12610,14443,13671,11044,10644,2,4,5,3,4,8,6,2,10,8,7,4,2,8,3,3,7,3,1,1,7
UNDR03_2MBb-bin.11,105363,298859,72,107,75,12,43,56,34,25,121,5595,7567,102,46,8,11,14,13,13,217473,300169,542698,226,197,940,214,132,514,504,569,562,482,402,161,165,182,229,260,129,142,116,135,312,232,367,279,367,327,401,294,268,90,207,88
UNDR03_2MBb-bin.12,98014,208180,1141,1744,1330,279,558,709,699,42,181,5415,7082,136,66,4,12,20,31,28,178292,176476,394924,343,249,1135,289,235,1289,1485,2385,2479,1717,1674,2425,1719,2600,2831,4219,1609,1654,1700,1346,6116,5017,6486,5882,7424,5634,7256,5318,5671,589,3011,1630
UNDR03_2MBb-bin.14,121660,44243,138,206,156,24,64,62,83,101,440,4605,6664,24,5,2,10,4,15,12,192504,31940,97340,51,26,202,50,22,260,195,337,454,353,366,72,53,56,74,126,55,33,33,50,156,786,721,985,1238,471,730,667,1142,70,220,261
UNDR03_2MBb-bin.15,101143,191006,314,215,237,54,124,123,128,354,1796,47789,66802,340,172,178,335,119,747,1723,176344,199253,385844,879,516,1952,414,488,1055,932,1134,1182,755,652,72,83,103,76,143,77,128,93,113,147,153,100,101,132,113,110,105,129,62,373,54
UNDR03_2MBb-bin.16,29765,56969,41,73,41,14,20,13,14,15,68,1718,2079,16,17,1,4,3,14,9,62165,62876,123762,26,58,248,52,30,83,87,144,168,113,112,112,89,117,110,151,65,83,70,90,207,135,231,225,211,195,260,189,174,79,141,58
UNDR03_2MBb-bin.19,87917,209797,140,142,159,49,94,82,86,120,607,7143,8647,91,226,206,474,157,552,588,116123,157819,345142,261,182,869,194,152,381,491,455,601,407,362,48,30,35,38,62,30,28,53,34,68,73,57,74,71,60,70,78,59,25,114,36
UNDR03_2MBb-bin.2,59009,64697,4986,2931,4512,918,5042,5270,4498,1,3,18,17,0,1,0,0,0,1,0,141936,147088,82231,2,0,10,11,7,4802,11621,10103,22274,11949,11721,185,276,107,487,301,129,286,81,111,363,2481,1160,422,444,359,8549,6111,5790,13432,1777,12932
UNDR03_2MBb-bin.20,37123,57199,12,4,2,3,2,6,3,14,32,1905,2570,9,0,0,0,0,0,3,73752,62118,111320,16,12,33,3,7,338,510,401,893,668,789,2,4,14,5,14,4,2,3,4,17,10,24,19,19,5,12,19,24,11,21,7
UNDR03_2MBb-bin.23,59703,109958,16,8,2,3,5,3,3,17,53,2172,2605,24,5,1,3,3,6,17,117937,95031,215481,43,20,75,13,7,238,319,312,467,385,338,24,29,28,34,42,14,18,15,32,44,38,55,51,49,44,52,52,49,25,63,15
UNDR03_2MBb-bin.26,83791,134363,30,15,19,3,4,7,5,30,117,5533,8776,115,7,1,5,1,10,43,161275,151771,255603,319,98,359,104,95,348,439,465,681,620,564,45,40,45,42,68,24,28,23,41,73,48,66,61,56,71,73,85,50,26,60,25
UNDR03_2MBb-bin.27,46245,108154,38,14,14,8,8,5,4,434,3031,122546,174397,1174,4,7,12,9,27,25,81459,76579,207233,2353,1205,1559,526,609,686,810,883,1032,792,1062,11,16,24,5,26,10,33,15,18,25,19,48,39,34,25,27,32,30,21,50,27
UNDR03_2MBb-bin.30,118147,351849,94,13,23,5,13,19,21,9,31,406,217,6,7,3,4,0,11,17,225324,392265,638117,10,10,80,14,5,1556,1675,1723,1655,1080,922,30,11,18,21,39,22,7,23,17,51,28,39,48,44,52,29,46,32,25,54,21
UNDR03_2MBb-bin.32,99340,185001,22,12,12,55,11,4,8,363,810,38872,54467,38,7,8,17,2,15,19,144879,146749,350775,149,66,105,39,61,215,202,236,383,245,220,38,23,33,21,61,15,17,11,14,44,28,59,47,51,38,45,47,42,21,50,28
UNDR03_2MBb-bin.33,38266,156671,13,31,15,8,13,17,10,55,253,5794,6814,29,18,4,1,2,12,9,76867,81632,302414,88,59,266,65,54,123,127,177,412,205,291,54,49,83,85,99,37,46,46,70,103,63,119,122,116,103,134,116,78,54,113,37
UNDR03_2MBb-bin.36,56817,113333,1581,1244,1241,410,1037,1140,1144,800,2324,29699,30540,849,820,906,1964,816,1934,1736,109511,112099,223353,2323,1348,4876,1429,1630,1356,1430,1760,1928,1393,1455,128,113,130,156,168,86,96,91,109,206,628,755,938,1220,539,680,530,992,117,195,203
UNDR03_2MBb-bin.38,231940,364465,104,101,86,14,51,39,27,31,101,3373,4036,60,25,5,8,9,17,15,471250,405668,663274,146,128,709,130,103,663,801,857,1507,1130,974,149,164,194,218,292,107,112,122,139,369,243,295,257,312,301,386,318,267,79,228,101
UNDR03_2MBb-bin.39,375403,784510,127,159,119,33,67,88,67,33,132,3567,3849,54,62,7,10,15,61,27,754009,654931,1746149,105,137,696,136,102,1254,1706,1812,1945,1592,1187,277,283,374,345,469,205,242,225,234,575,371,612,535,615,530,666,580,402,167,397,147
UNDR03_2MBb-bin.42,628950,921694,213,288,217,39,126,117,80,37,115,3290,3944,142,77,8,19,17,32,24,1226950,987447,1840577,319,297,1654,367,247,1170,2383,1998,3542,2599,1845,487,439,591,676,839,314,351,347,361,1166,627,948,711,845,912,1116,892,674,237,634,236
UNDR03_2MBb-bin.44,165171,244610,499,786,581,125,251,285,246,130,518,29522,45046,365,36,3,7,10,27,10,338442,234250,498072,1106,604,3666,947,697,739,989,1341,1601,1116,920,1195,840,1301,1417,2021,839,796,813,697,2949,2050,2690,2420,3005,2628,3313,2423,2092,317,1375,731
UNDR03_2MBb-bin.46,28856,74139,14,26,15,5,7,6,12,11,66,1351,1383,15,10,4,5,1,8,22,44008,61899,133817,27,34,135,22,7,229,220,267,285,275,303,45,48,35,34,67,18,25,12,35,66,50,69,72,83,79,80,80,62,31,68,27
UNDR03_2MBb-bin.47,39983,55392,486,315,291,359,284,310,304,988,1326,27131,34634,279,249,287,704,318,722,657,73914,47898,110939,716,462,931,330,469,532,632,600,850,739,683,7,8,10,7,10,2,2,22,7,17,10,20,23,21,10,13,17,10,8,26,23
UNDR03_2MBb-bin.5,28391,91999,227,359,260,49,121,124,144,13,80,2447,2560,171,77,3,6,17,28,11,56437,55383,194139,334,399,2237,453,334,259,330,416,544,359,279,492,401,573,684,927,342,380,417,405,1305,836,1128,927,1079,1035,1393,1031,840,227,641,268
UNDR03_2MBb-bin.61,48029,89824,609,657,577,179,369,439,448,298,1037,20642,25193,1555,549,233,562,378,592,544,93289,80250,183494,4100,2895,14275,3910,3231,625,942,1080,1397,1030,973,1099,813,1204,1315,1804,741,712,747,627,2721,1487,1879,1300,1389,1856,2546,1928,1203,273,1189,412
UNDR03_2MBb-bin.63,295747,171151,53,12,9,34,14,12,4,5872,35864,1017672,1404682,5527,8,13,17,8,18,34,357557,96928,292168,15555,6254,7944,3115,3903,1009,1166,1219,2258,1722,1696,14,8,6,9,14,9,8,18,4,13,7,9,20,15,11,20,22,16,9,23,34
UNDR03_2MBb-bin.64,13345,64415,84,79,67,16,53,59,39,52,322,14055,20965,542,55,34,86,25,80,71,29431,47869,119061,616,339,1978,508,416,448,380,346,275,187,263,88,107,123,118,139,57,94,66,78,170,90,185,141,185,139,199,164,102,68,109,45
UNDR03_2MBb-bin.65,36921,70329,25,20,11,1,14,12,8,12,33,1014,1013,1,1,6,14,7,16,18,81995,69741,124873,16,2,29,6,7,197,328,363,501,398,411,8,9,10,6,9,8,6,6,5,20,12,28,21,17,19,23,21,21,9,28,8
UNDR03_2MBb-bin.67,264011,300382,130,21,27,6,31,69,58,28,147,3810,5423,21,3,6,9,5,23,26,477488,346350,567478,51,25,125,23,27,648,952,841,1515,1107,820,31,28,46,41,66,28,27,37,29,74,44,69,53,74,69,99,73,55,43,92,33
UNDR03_2MBb-bin.9,46098,52197,37,38,19,6,12,14,5,11,59,939,964,13,5,1,2,1,6,2,102969,41761,133244,8,29,175,33,9,98,171,132,437,215,156,58,54,79,66,124,36,53,49,60,125,79,132,114,134,111,124,121,105,37,98,42
UNDR03_3-bin.0,37,27,864,758,778,201,710,657,545,5,9,16,14,970,311,60947,435,3860,278,31446,189,23,45,1171101,3577,5918,127082,29467,1357,1165,3941,1239,671,840,341,103,222,126,225,1285,2733,6522,2028,225,1481,1371,3841,3352,239,763,834,350,113,380,295
UNDR03_3-bin.1,15150,1803,236,132,116,32,170,181,150,1162,4767,266,180,33307,793866,130,58,47576,2264,101,32825,1851,2570,268739,80554,453070,138164,167220,891,398,848,1580,2271,2841,126,87,122,41,159,92,106,100,40,240,195,164,127,111,195,139,155,75,42,91,31
UNDR03_3-bin.12,432,209,3771,1321,1504,396,903,1495,1073,306,1211,62,88,4881,1515,8522,9286,1841,9715,11813,800,433,236,39753,15538,14228,4182,29321,2480,3134,3414,3292,3641,2929,824,766,1709,1334,1894,1467,1132,1194,1844,1890,1790,801,800,1398,1389,855,749,508,457,705,493
UNDR03_3-bin.15,79,27,18,42,9,85,273,177,48,0,18,3,1,36,7,60448,157,404,1101,3037,281,71,23,65532,156,728,558,253,149,231,202,286,106,174,9998,6013,23406,10182,9165,4778,6598,11965,4592,6179,1211,1911,3088,1912,1471,1,3,1325,4544,1165,1980
UNDR03_3-bin.20,73,51,216,144,187,36,123,165,159,15,64,37,24,3981,400,55,97,117,79,147,327,49,60,67655,737,467,232,692,76,161,132,155,109,94,237,255,92,51,108,99,420,99,240,140,168,406,78,189,125,129,100,147,38,87,44
UNDR03_3-bin.31,50,25,91,127,169,24,459,233,140,10,62,73,67,66598,96354,14540,57614,1376,5255,2515,274,62,29,165084,127658,547,1015,1123,925,1279,795,1494,1258,1159,177,210,407,337,460,139,287,296,282,361,46,142,119,190,197,25,27,51,77,40,90
UNDR03_3-bin.32,10,10,144,126,142,32,94,87,87,4,9,52,82,19624,246,813,1148,76,731,1256,62,14,6,73218,19568,41434,21971,33817,337,268,242,969,388,684,19,48,27,33,28,20,64,46,34,19,32,30,26,21,24,22,44,10,13,24,10
UNDR03_3-bin.38,35976,1465,361,10,15,6,16,17,16,1435,5585,69,98,84490,135,122276,214,18,18816,171,61107,1735,1787,149405,82091,45215,17243,22480,29912,39637,53634,47753,36227,65077,10,9,9,12,10,4,12,9,17,14,16,7,10,11,19,17,14,12,2,12,6
UNDR03_3-bin.41,313,39,19,7,5,4,8,6,3,332,1508,12,8,12127,5,3,11,82,120,60,770,56,52,47550,14807,22950,10606,12818,647,910,1006,1144,907,918,5,3,6,1,7,10,23,12,8,13,14,15,8,18,14,10,13,8,6,8,3
UNDR03_3-bin.43,3829,18871,9,4,1,3,6,2,2,4,24,432,2388,127125,0,7,1,2,8,2,6503,65604,10811,350822,185370,78197,18997,4437,976,416,694,4013,3150,2601,10,10,11,4,3405,16,4,5,10,2961,24,16,15,23,755,8,8,18,1044,477,80
UNDR03_3-bin.48,5073,580,142,33,52,13,41,26,20,33,219,20,8,6,13,42,61047,288,533,1541,8265,938,586,86767,69960,2017,2147,1841,8322,4646,9658,4306,3640,2618,137,140,165,95,166,126,198,163,100,147,54,122,66,68,61,15,21,33,31,31,29
UNDR03_3-bin.53,1933,416,223,174,163,45,70,76,82,136,882,274,232,37275,44,44,102,34,185,503,4118,732,498,99797,34499,44268,22757,30367,3687,4495,4528,17040,16919,12172,41,42,35,54,69,55,97,66,46,81,67,58,44,51,64,65,39,70,18,48,27
UNDR03_3-bin.56,9,65,62,134,120,25,108,206,186,2,13,10,18,106338,73968,29466,27082,6887,9804,10292,53,89,67,190740,150516,22953,11590,18793,792,834,1173,467,359,245,13,7,6,8,22,19,13,7,101,42,26,8,5,23,23,35,33,10,5,10,9
UNDR03_3-bin.57,4769,572,1465,1127,1502,381,1772,2206,1767,796,4217,187,292,181753,138016,26669,217313,59878,121031,4522,5980,2040,266,661402,191329,49463,26458,37861,51264,53752,54894,40693,30354,28837,252,103,144,80,140,128,153,226,115,145,171,145,110,140,145,164,156,72,83,65,55
UNDR03_3-bin.6,417,220,77,11,15,4,3,4,3,818,5271,1215,1599,161578,2369,3442,5839,2618,7113,2138,872,666,162,113385,51561,125615,81267,68661,1447,1149,1233,324,297,225,4,7,19,15,13,6,14,14,14,11,6,6,11,15,11,4,5,4,2,14,6
UNDR03_3-bin.61,1368,5249,22,1,6,5,3,3,1,8,23,633,27904,265414,1,6,4,1,9,13,2582,19309,3509,1171094,374136,20812,4861,1111,751,629,839,3634,2230,1871,13,6,13,6,3747,14,7,16,13,3196,19,10,15,25,829,4,13,13,1129,485,110
UNDR03_3-bin.63,12,17,291,210,203,85,268,359,223,2,4,1,1,382,27,16,29,1061,144,608,92,17,19,108836,323,2119,557,245,141,275,701,343,202,184,166,257,206,90,79,180,614,263,213,101,175,262,171,193,98,84,104,64,53,113,78
UNDR03_3-bin.66,14,12,1120,939,1156,195,634,789,590,2,9,4,9,107768,73404,52208,21920,17351,3440,3999,76,15,15,342677,137839,79088,24614,31943,328,725,333,691,678,502,97,63,60,417,671,104,140,79,202,730,183,72,90,130,380,806,767,331,80,155,108
UNDR03_3-bin.67,137117,8564,28,3,7,4,14,12,12,476,2440,117,134,113855,74246,58282,44728,9,52,166,195944,14307,6759,157099,75129,11954,9594,6399,361,346,499,10500,10261,11620,5,14,3,5,14,9,16,16,11,9,11,14,5,9,17,11,8,14,4,7,14
UNDR03_4-bin.23,375353,18445,215,190,164,60,219,291,207,22221,133343,984,1422,586220,235139,142743,135970,169086,401975,67949,421233,58316,10468,1054684,918009,535763,262727,327124,7460,10544,12684,21961,28877,19304,67,32,43,43,55,55,60,82,70,52,81,59,43,56,44,92,71,47,20,29,22
UNDR03_4-bin.26,51,23,752,417,560,89,394,508,264,9,25,36,75,1837978,1185564,45119,193267,173467,474,637,229,38,50,2664315,2398957,346382,423211,517521,106,225,124,90,266,200,45,18,12,11,19,70,33,27,23,23,89,34,17,21,20,876,887,139,5,13,10
UNDR03_4-bin.29,385,109,477,141,302,57,231,268,212,31,164,47,54,1353,278,99653,216963,3090,191589,277831,582,189,87,21688,27405,6935,6372,34403,844,710,1152,1210,1439,1193,234,143,199,318,421,180,364,352,283,219,153,214,222,319,105,66,47,95,75,79,71
UNDR03_4-bin.3,3616,1205,12975,917,1301,345,1717,1841,1590,6319,33312,749,1234,4000307,1283258,1005867,1422693,342008,909659,392218,5689,4672,640,8409972,3755425,926761,517915,702970,581467,719963,932911,268364,337582,311120,112,186,434,539,620,103,243,570,558,615,131,138,345,580,698,185,213,87,84,303,100
UNDR03_4-bin.35,12,3,39,8,5,4,14,16,18,1,9,204,43,3724,2305,458,52222,13265,214,183,101,7,7,8468,52092,4897,1682,987,17,9,29,10,23,13,9,9,10,6,7,7,8,9,2,6,12,7,1,6,6,24,35,8,3,1,8
UNDR03_4-bin.40,82,79,402,125,138,34,24,419,55,13,32,32,14,86417,162,569,257,40,424,475,348,66,117,148247,143826,470302,166742,89965,6777,359,9437,4246,9244,3700,8,81,20,41,26,2,70,15,35,38,13,18,10,17,39,24,21,20,6,9,10
UNDR03_4-bin.7,13331,4111,44,57,74,11,28,33,28,16751,61382,539,764,101352,7314,9299,147749,4725,12510,29692,23064,12735,3064,289970,170917,441046,170653,151567,1856,2685,4642,21506,27214,21855,21,10,3,2,18,11,7,7,5,10,34,12,19,20,7,54,62,44,11,170,11
UNDR03_5-bin.0,20729,6261,14,87,108,7,38,34,37,51760,214575,1200,1976,774,1580,3207,3421,730,1644,6362,26924,18099,4753,3457,1405,131231,46771,53233,644,544,1016,5082,4327,4624,23,12,9,8,15,13,9,12,4,20,32,10,10,11,11,102,80,32,11,175,21
UNDR03_5-bin.13,621,213,428,519,511,149,306,382,312,143148,656103,919,1519,11104,666,885,3037,2330,234375,489,1444,865,120,41526,15661,741464,299434,306526,5450,7021,7267,5765,4983,5246,97,57,61,81,66,63,69,99,83,74,104,54,48,75,82,117,113,75,33,40,31
UNDR03_5-bin.2,2236,2982,121065,15157,24219,3364,27101,21910,13642,1781,7190,60,71,6885,5306,9825,11290,6070,11021,13473,4756,2291,3724,21192,7727,1058567,13045,30227,66510,4935,15974,22506,35159,17356,216,497,584,552,786,184,970,1446,1027,1192,879,805,1162,1605,1238,348,359,441,420,1159,478
UNDR03_5-bin.21,43402,6068,10075,4192,6896,1378,3870,4859,3949,36802,142027,1613,2282,25352,13098,14472,23755,48774,147213,273401,83661,14032,5188,44742,25754,163706,70303,85102,16524,16289,20969,19401,17999,17047,1829,2722,2892,2386,3752,1574,2995,2746,1862,4646,3268,2036,2010,2336,3598,1979,2084,2730,1128,1907,1304
UNDR03_5-bin.22,22533,3506,179,143,156,45,234,276,259,19302,67725,382,297,14555,15823,136,310,2704,2644,116,40692,7414,3236,6459,25877,464775,343943,592200,3929,3868,7545,14640,15997,26543,32,24,19,18,24,35,42,30,32,29,46,38,29,31,25,45,42,30,14,11,13
UNDR03_5-bin.24,135,206,5436,3315,3269,823,2566,3457,3143,8,38,42,49,1722,366,2103,1109,18640,281,1296,366,239,203,4580,1272,122919,29713,45410,1671,2093,1885,1835,2086,2082,27,31,41,13,13,153,157,172,98,30,1011,265,136,152,57,559,628,1286,154,71,109
UNDR03_5-bin.28,510,741,1288,663,561,183,706,1028,968,3,13,4,10,146,10,12,17,61,19,179,1088,454,1045,38,173,339889,461,12127,1147,415,709,6590,2091,29227,244,126,230,407,506,247,495,413,452,293,538,419,339,489,190,328,330,305,261,332,207
UNDR03_5-bin.32,1486,920,18893,6158,9057,2203,50528,40612,33615,9,18,60,60,18108,77958,30872,23459,69247,14993,187597,3828,775,1110,67181,46691,5434558,39700,7704310,10394,8269,14405,185921,126696,21688,3964,8015,4975,5406,5259,3929,10256,9416,4706,6470,159126,14109,7197,6686,6431,4680,4255,438324,1714,3841,40512
UNDR03_5-bin.35,14707,12177,134,94,111,100,73,70,84,67193,224685,5045,5942,177,212,279,355,354,612,712,15636,28655,9134,554,195,57420,22418,27191,154,127,153,630,718,712,12,10,6,9,14,9,10,9,5,19,14,13,14,25,8,13,24,13,6,62,81
UNDR03_5-bin.4,30528,85431,959,1534,1126,262,476,609,600,790,3895,240338,326661,87805,39090,1470,2140,49835,6184,54,64853,55735,196337,137646,193374,568092,142704,121812,1059,1696,1957,3442,1965,1594,2340,1668,2558,2688,4289,1595,1612,1552,1313,6009,3909,5001,4007,4686,4866,6248,4507,3976,526,2665,1184
UNDR03_5-bin.5,44051,249790,134,8,8,5,34,18,6,45,148,1356,5085,233497,5,9,14,6,23,6,68352,851496,139310,892660,429454,1100469,281635,67289,11491,4037,6858,28097,29707,26135,27,17,17,15,9380,29,15,17,11,7978,39,22,21,45,1989,12,16,14,2937,1353,233
UNDR03_5-bin.50,4047,413,27,26,21,3,25,25,20,10810,47450,239,294,12,30,24,21,7,130,221,5882,739,552,18,12,76956,32608,37221,21,19,28,246,78,136,23,25,21,12,21,22,18,33,28,36,31,29,21,36,49,22,19,38,9,24,10
UNDR03_5-bin.54,15285,1714,100,85,69,26,36,47,42,942,3379,86,103,5618,4164,2835,5609,4474,8499,4891,34719,2360,1533,7642,2462,100675,85733,89012,396,684,922,4338,3100,5353,5,3,8,5,5,24,20,13,12,4,77,17,12,6,4,54,49,7,5,7,8
UNDR03_5-bin.59,762,1150,1497,204,919,106,3147,2508,2005,2,4,8,12,5604,18786,6495,5180,13446,8241,31390,2016,740,1486,14839,9596,329234,52574,143990,757,404,1009,6710,2354,906,61,61,63,33,26,61,141,103,109,38,9275,532,117,96,43,329,243,25358,33,63,2181
UNDR03_5-bin.60,65594,10923,2833,235,261,85,279,279,266,9000,49200,779,1024,112882,178391,40502,290737,26926,60779,5024,72812,39157,4626,182347,129424,557222,238865,338664,152124,214670,263702,609173,742020,539167,36,23,33,35,36,25,49,47,48,30,47,28,26,42,44,47,39,25,12,22,16
UNDR03_5-bin.66,2516,751,11538,5184,6233,1488,3451,4004,3570,3762,14404,206,272,1214,1777,1907,7496,20301,4947,19561,3683,2036,484,5416,7358,200107,11391,8989,6349,9358,8409,7612,5113,4102,3956,2446,3347,3975,5773,2372,3278,2844,1918,5418,4757,2903,2935,3549,4129,2921,2608,2320,1459,2650,1368
UNDR03_5-bin.7,31194,48316,88,221,321,48,85,107,101,435646,1698879,9169,13611,23694,3307,3991,8564,2287,6331,11209,38058,98742,46977,81116,56516,359022,117057,132220,5730,3886,6489,8312,6171,6530,55,10,11,17,20,24,3,13,7,19,72,26,13,19,15,230,267,101,27,568,38
UNDR03_5-bin.75,29626,1384,270,188,139,27,211,231,167,1660,7338,108,133,48,412,1025,24,6646,12962,236,61939,1243,2471,555,156,172067,82113,105760,350,229,298,1248,1415,1497,238,682,801,161,202,209,639,619,156,300,385,751,670,536,274,196,254,139,58,104,51
UNDR03_5-bin.77,40710,4508,7,5,6,0,6,13,4,41102,181704,502,686,7,4,349,2,956,4952,68,54157,8259,3903,20,10,82059,24907,26566,28,9,25,1978,1880,2171,8,13,4,1,12,6,9,6,9,9,10,9,6,7,13,13,12,13,4,5,7
UNDR03_5-bin.82,853,756,67905,31057,59873,12825,15173,15678,15145,9,19,74,165,1309997,6396110,2182342,1862119,5864076,1259504,2463959,2298,284,975,4540612,2874596,4347398,2211772,1902780,71619,23722,123360,45951,63046,10274,22,12,6,9,18,5737,268,140,35,22,3408,438,95,35,28,12285,15300,593,215,2840,280
UNDR03_5-bin.86,106,203,617,619,755,187,616,591,469,47,228,82,90,2743,867,618,490,1460,753,247,232,474,149,11700,3408,84418,2542,2733,1002,718,1297,356,248,277,153,152,120,201,89,142,192,122,105,102,144,111,92,110,103,239,237,71,91,104,43
UNDR03_6-bin.25,685,1015,45917,6336,7035,2202,14357,19165,14860,19,110,69,99,940,459,4705,199,386,358,260,2101,926,1363,5121,536,37137,390783,49564,150116,18065,107240,24405,20765,15513,3420,15937,19131,15658,35180,2233,17316,16611,14845,45957,7394,7909,11921,16107,33243,2445,2321,9429,4253,6898,4443
UNDR03_6-bin.35,76587,182907,3269,5405,3923,855,1757,2236,1963,1849,9847,488221,644812,102406,8580,360,547,4802,1446,217,153336,146338,402484,291833,200055,1343001,393351,299243,3643,5584,7034,10366,6557,5630,9597,6841,10584,11411,17216,6698,6609,6928,5452,24627,15439,20027,16223,19221,19750,24808,17944,15061,2414,10891,4745
UNDR03_6-bin.46,232881,29390,13449,4034,13860,1550,2221,2944,2762,93651,373707,7070,9423,69900,69604,34730,97786,57833,179714,166501,297872,80750,19901,140433,91264,341701,141537,195852,39221,42795,49515,52246,49524,53869,1242,1664,2019,1716,1854,1069,2332,2306,1154,2094,10391,2451,1580,1591,1665,5585,4720,2481,971,1583,1452
UNDR03_6-bin.50,92,34,6411,5344,6251,1793,1961,1816,1917,26,103,12,10,36,79,46,122,17,123,22,461,25,67,272,115,384,46249,188,2578,1004,3851,2407,2218,1978,4068,4523,4314,3347,1221,1537,3660,3390,1170,2569,2660,2182,1854,1371,1881,1726,1688,1610,623,1292,1494
UNDR03_6-bin.51,53,76,1572,630,1537,315,2248,2648,1780,5,13,2,4,31,3,27,47,246,1077,3203,207,112,90,128,175,25236,27839,149655,587,938,522,1335,801,355,206,199,235,130,112,113,223,228,76,172,304,163,146,133,126,126,122,315,58,106,64
UNDR03_7-bin.1,73,96,2933,251,263,65,104,453,337,323,540,5,4,1,1,0,4,1,4,28215,209,116,130,3,1,36,238,164321,2653,1949,1859,681,555,549,11,6,8,6,10,7,29,17,8,10,83,32,33,28,19,236,196,87,142,36,21
UNDR03_7-bin.17,45,32,594,616,772,190,352,510,507,4,13,10,3,40,28,49,100,2,56,125,191,53,45,195,10,465,1218,190669,712,756,384,1658,781,866,36,145,340,158,347,32,252,313,117,465,103,156,376,406,478,54,64,234,97,311,115
UNDR03_7-bin.2,327,356,1402,456,573,130,741,965,713,29,176,16,14,4617,1158,5152,10185,1136,8082,14945,919,577,320,58860,47705,24478,3812,100682,1113,1070,1573,1848,1805,1928,295,379,134,118,202,236,972,268,597,332,387,986,171,533,279,219,215,299,97,216,99
UNDR03_7-bin.25,136,207,5282,2786,3164,806,1806,2743,2235,649,2272,19,20,5635,12578,7637,3624,5701,5935,11476,460,315,218,17345,1999,12417,5974,156703,2643,1950,2811,2175,2580,3477,730,721,590,1114,550,456,717,686,528,643,1211,504,440,519,673,1049,983,542,478,526,470
UNDR03_7-bin.3,3093,5636,2513,651,1364,209,554,762,739,2,8,68,90,240145,60470,24612,24920,60497,17310,70678,8405,1685,7139,717461,230799,764515,450230,819656,1544,828,2052,1578,1378,522,23,10,18,12,9,80,16,18,10,13,749,54,25,15,18,419,419,731,24,73,115
UNDR03_7-bin.32,134,177,393,139,120,38,91,88,82,39,287,478,603,10873,4790,9232,7971,1687,3608,19973,281,950,109,37692,22425,30935,14426,28722,4445,3041,3365,497,391,347,6,3,7,4,6,2,10,7,15,3,5,11,10,10,5,18,11,8,1,6,3
UNDR03_7-bin.36,155,77,1583,878,2556,718,453,459,533,143,553,70,102,258,779,953,466,903,5083079,2428015,490,148,107,585,611,995,956568,597270,1082,1715,1157,2592,2450,2055,564,956,1438,1406,1570,411,1201,1220,1166,1392,319,620,413,540,807,206,186,521,210,425,264
UNDR03_7-bin.40,26,17,6984,15715,6690,2954,5453,13019,6684,6,13,11,2,4033,3094,2678,90,15671,16,147,144,14,35,24865,1152,16707,7361,1074028,9597,12034,15535,6575,10733,19478,669,51,4,23,18,4658,6724,3964,8971,135,22508,5149,3809,7637,607,4416,4944,5416,127,10212,817
UNDR03_7-bin.49,3097,427,45,26,52,12,18,12,15,4311,17347,119,131,1537,1876,995,1861,1695,302524,590833,4725,728,403,1971,1144,792512,288212,481225,22,64,77,78,65,104,38,28,21,23,56,18,26,24,18,48,35,33,15,34,39,33,25,26,21,25,22
UNDR03_7-bin.51,619,697,23416,16759,21723,5372,48399,50425,30202,15,110,14,31,1625,8713,1817,766,3543,984,5218,2006,1167,734,6565,3821,11151,6170,1371677,28004,6125,36724,36859,9811,6403,8686,15274,14036,15126,23190,4698,19680,11914,7498,26610,7726,11888,12459,16353,22073,1910,1810,3844,5055,14725,6226
UNDR03_7-bin.6,102,129,8345,17,10,2,218,5503,3469,2,18,1,6,124,11,9,13,3,17,40,401,67,179,401,14,85350,73469,213198,5750,160,1366,105,1009,2198,10,17,18,12,18,9,22,31,11,16,24,17,18,36,26,14,10,21,6,23,8
UNDR03_7-bin.61,1825,3509,1041,614,474,117,174,213,201,2,5,54,95,35598,64635,16222,9237,22310,7398,20566,5169,1089,4461,128016,38243,123645,71736,169224,1710,434,1935,784,697,236,5,5,1,2,6,18,4,6,3,5,221,12,7,9,5,232,198,346,13,21,45
UNDR03_7-bin.7,736,1456,90390,1054,680,572,7147,23309,18289,9,72,23,20,78,70,78,28,523,54,338,2307,732,1671,333,75,133533,228530,120805,7619,416,593,65428,97568,81533,100,89,61,56,241,57,91,59,44,438,268,96,84,89,6288,156,146,140,9643,1284,16584
UNDR03_74-bin.30,9222,10397,5378,68,70,15,62,60,51,7,32,512,653,1703,0,5,3,2,7,6,14417,35856,6024,5843,2375,2352,491,119,202979,211397,289846,320173,417569,399710,15,10,6,5,512,16,16,16,13,401,24,19,17,17,127,8,11,15,156,208,22
UNDR03_74-bin.38,38914,28790,76126,51949,80886,16386,90316,96798,84870,1,0,1,1,0,16,41,14,0,2,0,85489,52362,31848,22,9,872,43,310,130908,212193,148730,271323,203578,279492,3409,5708,2641,9643,6410,2667,6080,1797,2174,7364,48803,22773,8224,9117,7762,168770,120090,111378,273031,34262,260410
UNDR03_74-bin.43,51,43,23721,1724,2808,505,2710,4376,2683,13,48,3,10,10,5,3,3,182,26,318,317,68,59,61,13,1308,545,265,82445,1538,47490,8622,13189,7644,1557,876,641,382,463,1239,948,629,218,568,2198,919,603,551,495,655,619,649,165,377,210
UNDR03_74-bin.46,607,113,32315,2849,4002,578,264,324,297,158,732,249,172,69,85,164,246,78,521,1150,1876,221,231,181,89,776,183,196,61851,730,2082,668,1393,1027,53,61,80,72,107,63,119,104,83,131,235,124,124,132,139,104,91,120,32,92,46
UNDR03_74-bin.5,4152,49779,70107,59746,62235,16104,86880,97588,83209,1486,7298,92717,82254,36023,50380,75996,84788,155304,266160,37658,5518,212315,14567,99312,50158,151101,37526,38683,87827,80820,96974,82874,84031,117909,18457,11946,16756,20079,13045,28533,33766,33316,26366,12164,28295,15840,11381,16312,13165,40209,35131,19037,13350,11926,12562
UNDR03_74-bin.51,1826,300,187257,205991,172625,25325,48668,78304,117321,370,1756,396,329,3096,4807,1164,14229,719,1411,1360,3622,737,359,6570,3654,8514,4043,4601,65152,86246,82298,77554,48377,63697,2448,5958,3540,3922,2275,1889,8848,5581,4848,2728,2658,5453,3994,4740,2973,45165,39353,14134,3584,12402,1625
UNDR03_74-bin.72,1850,1464,35761,28701,29480,6122,13447,17881,22645,266,579,1426,1206,128,275,181,392,229,479,469,3765,1873,3004,321,269,920,249,290,46569,27510,44738,37261,29029,44089,4516,803,701,610,507,1733,604,470,209,668,6967,5851,6775,5499,1989,11717,8836,14129,11028,1629,11139
UNDR03_74-bin.76,2126,2186,109162,2936,16990,7129,12032,17094,17308,42,240,871,910,9,14,6,24,6,25,56,5215,2535,4559,35,21,163,28,20,291957,133651,222312,190211,295274,222046,40,41,36,42,74,27,33,20,38,81,67,88,51,73,67,100,108,61,65,148,32
UNDR03_75-bin.15,58,19,561,270,250,55,1436,1865,1208,8,56,11,6,21,12,10,12,67,84,105,348,32,23,48,24,689,507,1386,232,269914,437,1312,627,232,1725,1965,1765,1480,1773,993,2647,1302,1097,1440,642,1932,729,1113,632,69,60,404,214,475,344
UNDR03_75-bin.19,49876,1127,2052,55,59,20,14,21,22,8,22,9,7,11,11,2,14,3,24,86,86908,2150,972,20,14,73,18,8,63484,98459,63086,35186,31793,34341,4,9,2,6,9,4,13,9,10,7,3,7,3,11,9,9,4,7,1,7,5
UNDR03_75-bin.20,37020,52503,49396,58940,46979,11685,18068,27058,23241,175,831,18141,23306,2262,841,162,324,368,699,821,79365,50150,124322,5102,4358,23629,5807,4474,61677,227309,130317,173253,116239,91695,111049,156083,130192,122992,190820,77384,139158,87352,57728,277655,165882,379825,224207,231277,247161,249893,178012,179102,25330,114133,50440
UNDR03_75-bin.24,1627,556,51416,8324,9785,2549,33571,42576,35075,9,37,2,2,1808,5132,4159,3040,4712,1971,5003,3898,1028,714,5313,3001,5523,2470,13158,30083,51454,38622,30520,39439,44259,3068,1628,2037,2641,1423,1978,2120,2402,1045,1382,27736,4712,2093,2034,1241,3184,2932,20599,5268,2543,18805
UNDR03_75-bin.3,250,349,3014,84148,48604,17942,2027,2105,1622,3,23,38,19,107,87,313,71,8,26,306,684,230,481,111,33,4404,712,2465,16638,137085,66302,9385,9747,17875,1078,1222,349,249,427,698,924,173,168,449,3599,946,343,254,244,39444,39387,1855,1863,218,942
UNDR03_75-bin.36,57,82,60338,2493,3446,624,2832,1959,2610,1,5,27,22,763,1464,280,467,1816,263,1417,189,141,77,2350,912,1525,387,42019,407727,238014,247394,3563,2265,3154,929,1097,566,681,860,399,1871,620,1051,1147,2654,2601,1060,1769,1451,204,192,1075,521,1962,658
UNDR03_75-bin.41,664,159,1028,1090,1236,263,1299,1306,1539,100,660,295,211,99,107,209,241,139,385,1233,1986,274,376,194,140,922,224,340,231473,313950,259367,93700,57944,33658,274,253,222,163,216,223,558,362,143,224,410,387,314,284,285,307,303,174,74,263,86
UNDR03_75-bin.58,65,79,4910,3616,5150,1254,5163,9136,10128,4,31,10,8,127,98,5,6,61,23,113,306,78,98,84,53,353,268,142,3707,91549,2954,42903,18909,32005,683,272,330,228,213,565,441,414,220,247,1186,559,296,329,183,414,387,293,73,142,103
UNDR03_75-bin.6,14406,14135,7632,4893,5843,862,349,5160,5386,2,9,48,30,0,3,1,2,3,11,3,30923,17634,24666,2,0,18,4,5,29510,104953,77631,50168,36285,46048,2437,2646,1948,3555,5775,2190,3582,1396,1670,7711,2912,33557,38228,34694,20680,98363,82041,31,175809,92863,51676
UNDR03_75-bin.9,9108,1000,96336,47004,44499,12005,48161,64845,53902,293,1312,159,59,30896,88804,47044,52436,67802,31861,883285,16827,1208,1162,90565,53525,72156,35780,689907,59314,62942,68231,75517,60345,63380,60817,12629,14682,36076,16086,142297,97158,122062,33935,18213,154745,73528,99449,77481,29904,42638,35536,100164,18234,59795,41023
UNDR03_76-bin.17,990,76,32415,59649,63620,18396,62064,85525,71923,85,666,15,4,30,33,61,131,31,155,9,2279,369,91,54,46,341,71,62,25713,38034,133205,53502,59867,66283,20667,12363,14126,13315,18627,15923,17740,17620,12683,16565,18427,18655,10301,14151,14174,27146,26070,16153,3769,9475,5736
UNDR03_76-bin.18,3780,3911,6069,972,1122,238,347,482,980,14,69,239,207,1,4,1,2,1,9,24,7875,4704,8040,9,1,28,7,10,40658,39383,53742,39648,24255,48381,103,62,28,15,32,40,33,12,17,40,268,199,211,161,79,272,258,351,237,141,277
UNDR03_76-bin.25,581,795,14364,27749,27825,8863,166,143,164,6,27,18,25,45,70,48,168,92,136,436,1542,224,1173,189,137,573,141,155,67401,130220,147314,5329,78342,17023,100,195,168,155,174,125,1447,3098,771,764,918,782,1881,955,649,91,124,400,68,17033,7707
UNDR03_76-bin.29,9825,7721,140168,96080,148071,32445,167026,183050,162217,1,2,20,8,232,211,25,11,361,3,9,21404,14230,8809,219,5,574,26,84,40969,317098,60033,240054,144970,151671,7340,11878,6857,19871,13398,5728,12285,4558,4608,15278,97459,45852,17735,19204,16447,336373,240047,224215,565310,69987,528928
UNDR03_76-bin.30,51703,7489,43276,16092,16882,5372,4339,5725,4968,10375,55948,1291,2060,1379752,1885723,3973535,4651171,2368718,4933269,58801,52851,27609,3552,4351596,2094067,901295,472837,670932,1163848,1280957,1510814,469050,445213,376816,2471,4835,2164,3338,1325,1761,8022,3082,2356,1215,2067,5189,2734,2587,1260,6543,5904,1346,1796,1878,809
UNDR03_76-bin.46,98,82,2643,2086,2400,701,3385,3925,3171,12,83,64,55,6809,4316,643,638,52145,500,1219,536,142,84,9421,2403,244289,1183,6475,2990,2907,321737,2856,1350,1015,1316,1737,1978,1892,2562,878,2340,2092,1062,2352,706,1352,1339,1526,1790,294,271,359,466,1151,514
UNDR03_76-bin.62,42,48,137757,6132,25795,4957,11345,927,7506,6,18,7,4,73,63,24,139,73,816,569,186,83,64,228,263,260,588,170,51661,18455,242266,29717,3744,10373,1872,192246,215155,163554,152163,642,186658,193845,103514,194998,454,30388,51213,43482,168704,53,44,1572,8458,68843,40543
UNDR03_76-bin.64,533,328,220637,32937,34084,27652,1332,4254,18889,125,623,556,488,161,235,214,551,180,797,991,2019,717,643,375,253,1179,188,237,28025,546,37712,138455,52408,92406,195472,337820,524006,1041029,321947,116563,487609,291431,377237,559385,130597,1097304,760310,1214068,813780,69724,60382,111,53351,594062,251307
UNDR03_76-bin.65,78,127,212183,221229,277060,59151,94182,188821,156146,3,17,2,9,140,53,104,205,895,710,2462,284,192,148,970,3447,4872,2878,1174,50062,130884,78193,162006,144534,128654,102059,202296,92249,50344,54153,39049,107311,7491,4601,82718,69846,47129,29929,14903,53265,121080,86131,51016,20964,28250,27203
UNDR03_76-bin.68,1629,2312,1000,14,13,2,155,197,387,3,8,17,18,1,5,2,1,0,6,7,3250,2734,3258,3,4,15,3,0,113305,5752,263357,259985,98715,170279,7,6,6,6,8,6,4,12,2,6,7,6,6,9,10,13,5,7,8,8,9
UNDR03_76-bin.78,181,162,46562,2100,1894,1313,294,7596,5784,2,28,5,7,103,5,88,3,18,65,34,497,240,218,8,7,78,33,21,6743,4705,54018,6229,1722,1641,30,22,28,24,41,26,54,34,16,31,57,110,107,93,53,313,271,17,457,155,201
UNDR03_76-bin.95,251,552,83881,8651,13269,2723,25930,37217,29429,1,2,4,1,38,13,16,89,2,22,26,634,701,533,22,20,36,18,16,200320,14078,203944,27530,41552,16693,1860,3320,15545,4442,4815,1219,3401,10942,4002,22708,3595,5040,11936,22915,36704,12874,12477,7484,7513,8436,17175
UNDR03_76-bin.96,68,58,19421,10319,5270,2099,1043,2292,1246,5,3,7,3,25601,491,425,42,325,26,120,204,99,115,9976,428,738,23578,17608,24179,17395,36531,15002,11380,10703,397,149,61,73,41,2803,5589,6435,2648,129,5854,6850,7238,7281,1193,7295,8192,707,689,5513,1873
UNDR03_78-bin.10,6733,754,2452597,4500554,4516508,1365380,1116845,1457916,1375715,1056,6090,86,80,1985,237,326,2242,1037,2815,1899,11762,2772,500,4117,3521,6317,3065,3689,1335893,1489611,1694270,875672,846160,1209547,668908,725897,435949,700511,332806,482882,1058697,595743,399024,328144,615707,780501,414333,419904,261983,1163375,1050633,581413,322000,429610,169774
UNDR03_78-bin.11,168,27,1772,1453,1751,513,483,392,472,22,66,15,8,5,3,0,3,18,33,16,470,36,56,81,70,44,147,6,785,377,8811,22896,13030,10380,1259,1486,1430,1097,363,481,1149,1071,349,774,783,654,557,390,551,469,463,612,163,338,490
UNDR03_78-bin.3,2893,2493,34550,2749,3430,449,6990,20146,12657,8,17,184,131,0,4,7,9,4,20,16,6104,3586,4429,5,3,34,7,7,79942,251437,113933,141911,146676,151283,1705,2463,788,525,966,2033,1809,534,257,1201,18895,10235,5673,6324,2851,23079,18096,22707,17919,9171,6487
UNDR03_78-bin.40,354,33,1059,214,254,47,21941,14611,16007,22,109,30,27,123,568,418,503,433,961,376,852,81,59,367,70,2709,649,435,1824,796,2026,93567,48782,36156,180,117,22,19,28,96,142,130,17,30,271,104,69,282,60,276,294,448,68,417,54
UNDR03_78-bin.53,1279,466,4969,1200,1986,332,1825,3855,2854,45,202,3,4,620,939,345,156,136,181,357,2369,789,716,905,312,3484,690,417,3830,4715,5671,31098,19967,14213,102,277,168,111,102,47,226,151,99,140,680,734,836,1538,969,929,899,501,575,555,841
UNDR03_78-bin.63,5518,12863,589,273,242,77,165,164,135,6,24,225,1547,21701,2,1,2,3,14,3,6645,45605,7256,78899,30896,23122,5724,1324,3302,2747,3257,59250,23783,21650,623,67,98,317,6583,427,107,77,84,5571,454,334,141,177,1502,1139,1128,158,2260,920,231
UNDR03_78-bin.66,18,1,96002,14011,13036,3300,8371,15274,10521,13,27,4,5,2,4,5,6,3,29,108,159,16,5,2,1,74,8,15,48531,20992,91820,195932,147785,39066,25,24,17,10,25,26,18,17,16,56,379,40,38,86,64,447,440,2255,45,37,60
UNDR03_78-bin.71,75,91,102649,70133,96141,27505,117534,127234,103396,5,32,7,5,24,49,10,10,45,22,1275,374,174,119,110,43,1386,898,1520,42240,54724,68240,167929,125969,82667,2066,13375,14448,11060,11852,1464,12963,12713,7034,16366,15385,6393,6067,5390,13771,14075,13392,34456,26117,11898,16419
UNDR03_78-bin.77,247,61,164,80,96,18,8455,55232,42372,18,63,74,59,84,21,17,34,25,41,172,732,167,131,42,25,296,42,85,691,306,524,55027,27592,16338,29,17,41,21,56,29,30,32,18,73,68,38,35,43,60,105,104,50,37,17,89
UNDR03_78-bin.82,3487,851,39753,21508,30227,6398,68538,75674,49996,2714,9308,63,66,4773,16651,3481,12448,13080,2932,20685,5002,2719,509,13866,8104,48917,22302,52328,30490,22657,32630,124029,44783,43923,73328,36339,62985,90791,105234,38998,49157,51056,38981,60385,42882,31653,27034,34967,23815,33060,25521,7841,14881,19678,15062
UNDR03_79-bin.21,4035,1185,8218,5522,6040,1597,6966,10202,8725,3334,9863,356,330,3025,1869,11443,4230,1618,15807,48803,7702,3243,982,8493,2754,16750,5628,8013,19122,3390,9810,45084,155542,97558,2853,2699,2752,2060,1942,1954,3363,3034,1430,2512,5100,2885,2037,1813,2587,1984,1959,2460,1025,2197,932
UNDR03_79-bin.25,37,73,113715,3505,23999,1310,46407,13905,34142,0,3,1,1,13,10,0,3,166,191,86,96,103,77,6,21,793,39,11,91189,46356,89348,121478,22103,59429,10383,621831,718117,535427,498493,5559,586728,632393,342804,641182,20742,113652,181041,153902,550589,2423,2106,9886,37304,224375,141852
UNDR03_79-bin.3,31,1,1589,784,677,230,8667,9619,11244,2,19,0,2,0,2,1,2,0,8,16,169,8,8,0,0,8,5,2,2249,1931,1753,16916,23153,19186,2372,267,256,1289,153,1698,416,291,399,189,1679,1405,534,549,324,3247,3050,547,419,273,196
UNDR03_79-bin.36,126,38,200,238,277,53,106,98,112,32,162,51,41,14,13,15,29,6,73,137,672,45,58,37,31,158,48,21,298,224,235,83996,108004,8882,37,32,25,13,45,30,88,47,38,47,47,42,37,41,46,48,47,38,11,45,15
UNDR03_79-bin.5,51965,12663,61264,30560,31426,8451,42977,60209,48183,37044,145328,2523,3443,48129,12884,23166,15138,10963,18955,43346,89901,27782,13601,139881,114470,465471,172774,275504,47476,42801,63147,111523,96118,98994,22152,61958,25054,48865,89712,17695,65493,30117,41870,84064,30352,28668,27483,34663,53475,37415,36283,14581,21162,21889,19102
UNDR03_79-bin.50,9903,1138,6266,989,1784,219,1143,859,1024,323,1608,124,188,25980,46530,39640,90821,35382,74681,4368,18255,4313,521,55256,33423,33614,14295,18037,63357,62703,76715,155193,153569,121255,57,34,38,44,51,65,51,66,46,32,1355,203,66,72,59,681,611,760,107,181,178
UNDR03_79-bin.58,4042,922,30537,20386,21906,7628,18861,30325,27159,7,5,0,2,1836,158,779,0,1872,24,0,9246,1899,1077,2713,1080,4211,1681,934,14062,12186,21495,15591,17858,13823,692,785,383,589,1125,571,1317,621,738,1070,3040,3183,2051,1660,1077,7326,6744,8243,10458,1560,13137
UNDR03_79-bin.80,888,464,6137,1772,2727,682,4977,7488,5677,6,2,5,7,1274,79,134,96,79,121,83,1475,676,805,312,78,1340,20156,2838,5322,5391,8550,34270,35901,20617,443,2575,2965,1643,2007,260,1554,1161,454,2158,1656,1679,1534,1511,1217,1377,1322,774,964,1202,872
UNDR03_79-bin.81,547,59,3022,9595,10483,2769,12867,20349,16457,36,299,7,2,77,79,107,320,54,272,30,1766,197,89,129,100,392,53,72,5758,9682,5099,106837,120545,78437,4690,1996,2992,2539,5000,3455,2450,3478,2554,4339,3751,3465,1918,2954,3308,5357,5117,1674,646,1960,847
UNDR03_79-bin.87,183,142,14457,41,184,3395,14716,25278,20548,15,91,6,7,11,8,14,16,8,53,106,553,255,157,16,16,60,19,32,15659,11931,46001,39893,74518,51914,25,35,36,29,27,29,50,228,50,29,58,23,129,111,66,174,162,92,51,59,120
UNDR03_79-bin.93,74,3,383,390,445,91,238,346,258,78,245,11,7,2,3,8,5,2,18,59,334,14,13,5,1,51,19,10,355,184110,364,318,281966,12486,38,36,23,17,43,45,112,43,31,46,44,36,22,32,39,43,46,35,18,26,11
UNDR03_80-bin.0,32308,173,107,157,120,18,182,215,256,232,1158,148,108,25,90,187,34,98,295,191,64927,337,488,62,32,1026,277,267,42,50,38,167151,96057,222523,66,71,108,49,106,108,76,161,63,110,164,116,145,108,112,147,163,92,37,85,38
UNDR03_80-bin.103,2670,3460,4765129,1099363,2482002,247363,1148032,763806,967527,268,1608,993,885,1830,5415,2337,2419,5216,2279,642220,7766,2949,4569,5574,2907,75107,419800,50596,1369042,1010388,198481,394725,104284,1334786,50190,22892,10128,24899,7799,31018,21649,5760,4532,2724,2015749,185316,40759,29338,11740,949588,762129,781572,133742,277032,227031
UNDR03_80-bin.25,62,58,4539,1640,2154,829,3059,4643,4406,8,37,9,8,72,16,27,100,11,80,18,238,84,68,66,29,641,393,227,4583,5261,5284,6092,5810,176871,1401,2089,3225,6104,2229,814,3209,2149,2511,3672,1349,7089,5038,7670,5109,1293,1281,559,2388,3660,3527
UNDR03_80-bin.30,66,90,369940,21066,29760,8022,57828,45335,45469,19,64,6,7,44,32,23,10,19,35,1112,291,144,126,76,23,2290,4672,327,34113,9832,22195,55188,25568,96858,1668,12615,13736,17011,12517,1148,13726,13223,7944,19325,134832,47409,17476,13918,20769,3882,3786,66737,21232,42541,19119
UNDR03_80-bin.36,417,921,18678,2199,1305,439,14855,16193,12706,6,24,28,20,22,2,1,2,2,5,9,1287,519,1154,2,2,163,47,38,13513,15332,19075,21136,28462,24181,50,91,58,72,39,25,113,73,56,101,16887,1954,291,185,142,1060,1053,11721,317,342,4907
UNDR03_80-bin.41,4,1,100,98,111,18,177,231,237,0,3,1,0,0,0,1,0,0,0,461,26,6,1,0,0,4,0,93,68,64,142,3464,3782,19796,8,9,12,18,16,10,24,17,23,16,45,14,41,38,27,1,2,59,13,54,32
UNDR03_80-bin.46,1931,2488,457,56,104,30,344,166,187,9,16,42,21,1,3,4,2,1,5,11,4607,3387,4372,6,6,22,3,1,60902,76836,136621,371266,233302,740403,27,39,41,30,42,8,12,21,13,45,183,58,65,54,42,13,15,39,26,76,26
UNDR03_80-bin.54,4371,4607,7769,853,683,167,973,1243,942,15,72,253,208,1,4,2,6,1,6,10,9252,5771,9335,10,3,32,8,37,45867,46294,54711,45933,28087,63497,653,310,239,86,1164,528,290,166,70,1815,969,1031,468,366,1306,1353,1457,164,971,1225,328
UNDR03_80-bin.60,147,107,217,174,230,80,135,240,325,1,5,8,8,1,0,0,0,0,19,3,308,159,177,0,0,8836,1,1,313,447,570,3413,4380,31547,33,30,30,20,23,18,24,28,19,43,39,49,61,47,35,188,178,27,266,76,114
UNDR03_80-bin.63,1419,2746,56364,385,148729,88,220161,123,163166,3,5,3,13,1,2,8,3,1,5,158,4705,5137,3166,8,2,99,0,8,152797,16,232521,98745,309,3895353,55629,42579,34695,35727,25021,805,5946,4275,4824,31732,464955,151403,99014,114373,70166,11,21,145721,41571,173451,50725
UNDR03_80-bin.71,3470,31,1311,648,590,173,427,398,343,33,90,21,9,142,152,14,24,22,518,390,7781,102,56,23,18,75,228,195,721,612,22384,1522,1670,33804,1036,385,354,714,172,651,392,362,234,278,1196,712,397,488,351,1439,1320,410,401,416,255
UNDR03_80-bin.79,1500,1341,1701,572,701,109,9398,1794,3696,125,711,656,656,57,76,88,132,63,357,1440,3463,1575,2317,122,79,860,241,410,8041,636,7362,50800,11186,139083,135,95,91,84,116,102,99,99,67,110,329,197,165,169,111,239,195,332,172,114,192
UNDR03_80-bin.8,160,149,2627,185,1609,114,2413,1578,1828,3,7,9,8,4,3,6,7,1,5,16,470,252,158,1,1,34,16,2,1073,211,1009,80407,74398,260594,44,21,16,11,11,27,17,12,14,16,1249,142,33,35,17,589,517,80,86,58,276
UNDR03_80-bin.80,320,826,13795,2753,2013,718,7952,11464,10177,4159,11847,21,24,4138,0,2,158,65,89,477,680,2381,679,664,317,5161,1011,3757,22833,21254,36797,30798,23876,36039,680,1293,1353,1135,529,537,1854,1729,781,1185,6440,3455,2830,3547,2239,5543,5279,6141,4961,4620,5827
UNDR03_80-bin.85,125,81,2093,647,741,195,1148,1488,1224,0,16,6,1,216,71,223,117,43,72,139553,335,81,82,130,33,11051,11947,6030,1898,1269,2891,3360,2457,16784,142,367,315,463,388,144,434,321,286,494,1306,858,426,644,532,918,768,868,283,825,466
UNDR03_80-bin.93,7820,8346,1133678,782953,765325,152599,456290,636048,610195,48,240,297,207,13,26,17,35,17,132,381,16543,9472,15499,31,44,275,69,67,166943,113236,431084,406331,409831,510027,170313,11669,11187,12114,9659,60277,7641,3872,2161,11811,237978,193732,242683,183355,63401,413324,315444,524854,410786,24235,414190
UNDR03_80-bin.94,56840,18651,18361,923,783,210,7185,8411,8066,6,20,44,33,1,0,0,1,10,16,3,90454,40521,37686,1,1,21,4,2,22031,39299,37694,79496,67310,86196,178,81,77,79,247,71,50,94,85,266,2598,5009,8980,15829,10860,502,466,1070,1118,2712,7272
UNDR03_80-bin.97,30808,7140,719946,627214,740422,189238,694705,802031,709687,9664,41367,455,646,103419,93797,107529,147109,63393,79068,219659,50712,19497,5176,232349,148177,259968,133744,195749,347675,491826,396051,699927,588062,679286,199077,143285,199852,229243,189596,158830,245797,252561,132426,186861,365169,209418,172233,182832,190271,400700,307395,218017,211210,197985,256407
merge_NG-28520_B06-bin.10,92,36,382689,424074,502100,113357,164323,197493,200458,14,69,41,24,5,2,15,11,7,16,25,468,40,51,8,3,67,10,4,412248,254401,388100,393969,260390,360542,52192,56143,19974,5381,38450,32600,141056,45773,24189,38029,17560,44290,16878,16652,48000,47455,45965,37665,12139,30567,6762
merge_NG-28520_B06-bin.11,1913,1913,30925,44251,34599,9093,165515,246804,182829,4,10,81,72,0,2,1,1,0,2,1,4349,2476,3499,2,1,13,2,2,81582,262314,367719,316568,157631,125907,37892,146756,69094,14118,11404,12094,67551,36732,10677,27169,138899,126693,84908,68683,45283,33808,35688,153511,27073,48881,62602
merge_NG-28520_B06-bin.12,128,28,65337,58056,71069,19792,19382,16890,19051,30,118,11,9,1525,1774,92,78,584,280,4236,724,50,67,778,464,2676,5933,2742,27131,7065,41151,21837,17084,17074,60739,68670,64516,51802,18323,22701,53018,50459,17041,39221,31441,29632,26419,18782,27075,20714,20002,19644,7631,16370,22888
merge_NG-28520_B06-bin.15,49,43,2937,3125,56343,815,6739,10806,8256,6,21,7,9,699,828,872,706,432,652,7347,251,36,84,1494,1005,2348,1016,1334,1962,2193,2451,5382,4170,3869,11898,17668,14496,11805,11562,6105,15808,8122,7632,12925,5613,20014,22646,20107,18982,118819,128515,2271,112691,5503,36259
merge_NG-28520_B06-bin.16,2446,316,329273,179247,141040,38732,225337,277447,195954,128,692,105,72,31,228,245,51,315,635,218,7841,307,774,101,65,3109,880,618,10548,19403,2279,31030,32469,36801,165513,62767,25527,6880,244490,126969,53901,19692,5810,389325,235655,199909,41211,19827,268298,209871,238470,23988,8738,127359,10688
merge_NG-28520_B06-bin.19,7741,8215,853937,588545,925862,201522,1063480,1158036,1013174,3,6,13,9,0,2,1,5,3,5,4,17293,14886,10221,9,4,11,2,4,73087,2001575,165515,1281585,713657,398781,47414,78605,35149,133515,87753,36990,82710,22475,29737,100524,614988,300023,112585,123046,104635,2281353,1629936,1444635,3902105,469109,3495916
merge_NG-28520_B06-bin.20,1505,3445,6609471,1418088,4162024,376193,1409061,934859,1182481,6,23,21,43,934,6012,1200,2244,11374,847,1050922,4610,2287,3935,2636,1591,91555,506754,61081,1803517,1247290,179935,463879,113203,1189376,87512,38716,16760,32122,9602,53807,35601,8547,5827,2858,3425209,309087,56038,39553,16335,1650494,1329905,954136,188996,357791,352642
merge_NG-28520_B06-bin.24,1082,523,6976,17772,5940,8868,1025,682,810,127,750,847,636,830,1563,638,752,1679,1444,7235,3381,876,1223,2158,948,4517,1773,3479,1457,1896,1891,4979,1787,2499,237378,586,548,385,614,2279,890,708,528,701,2070,707,475,616,633,33289,28883,799,394,590,1098
merge_NG-28520_B06-bin.25,217,152,19184,15014,18395,5072,37412,34820,32323,15,131,16,28,1451,2125,3532,6387,3777,4112,12845,747,239,178,10098,2883,11260,7314,8936,11892,10396,15018,77929,56250,29384,697266,299007,564615,918682,1295061,275458,358059,354563,397166,657349,131601,206887,189836,332134,192181,2976,3033,10915,130233,107906,102248
merge_NG-28520_B06-bin.33,219,17,260263,80209,104282,27658,40251,22416,17451,58,281,35,14,12,18,15,23,7,448,4203,986,52,58,6,10,143,101,667,168808,51291,125826,93556,108028,108959,15957,28656,36086,21832,27000,18245,37801,41540,16887,39318,210938,80628,68041,68485,58296,31217,30362,45362,7094,53592,11345
merge_NG-28520_B06-bin.35,828,1817,8950944,9685287,9992491,2557441,5739107,5291846,5522903,16,82,48,54,55,59,88,170,53,176,64,1467,6390,2379,159,112,234,62,89,3698768,7337800,5037524,7684847,5735295,5067908,4234993,1196483,2606044,3193524,1636795,4219902,3464668,4610747,1358660,1475075,7214971,2975231,2690895,1931109,1058659,8184362,5841548,2847496,861226,2376846,2241933
merge_NG-28520_B06-bin.4,371,358,171881,88187,55899,55586,11301,13289,10733,38,161,23,32,2750,3101,5244,7655,3672,4261,79851,1213,431,412,17312,9875,34996,10203,14630,24505,16862,19677,14398,11389,9360,691530,92132,415600,116863,47205,965186,761152,1664802,331410,83751,644246,1003727,1037021,819149,128536,282334,260614,7834,21013,254309,52692
merge_NG-28520_B06-bin.40,92,8,371814,493394,421259,189497,187125,168716,236195,36,161,11,5,45,32,10,14,19,31,114,420,41,33,34,19,245,65,105,337357,321490,263446,236962,285794,108028,56303,41792,32350,9326,4691,77783,286686,163975,22575,20249,220072,88488,115286,59495,77882,186866,182605,7544,11069,196814,12207
merge_NG-28520_B06-bin.42,1558,1866,1823,2692,2529,1089,3523650,5299174,3773815,29,117,17,11,12,9,22,43,12,64,10,3480,3593,1972,37,17,80,28,30,702,911,947,2463677,3462079,2639882,369259,622699,525637,738419,783583,91814,499657,287644,189035,770767,1194703,816706,346759,308336,721773,761,788,748267,294166,780502,492612
merge_NG-28520_B06-bin.43,113,28,3740,52128,48469,12277,13252,7500,10324,26,122,25,13,350,492,320,297,130,234,2842278,464,34,43,541,346,492,287,2238941,31544,41646,44218,35114,6831,6208,177824,9082,2898,6957,14190,480876,285658,339102,62831,12613,253564,107169,207978,91970,7756,8513,7513,314739,1773,4451,66350
merge_NG-28520_B06-bin.44,1009,2078,424425,6390,1087260,1774,1624170,1726,1221835,5,3,8,11,5,16,11,15,5,37,48,3101,4274,2473,13,9,211,10,170,720512,1216,939064,723324,693,571736,458711,341309,284133,295534,202475,6912,48031,34746,39627,257661,3646961,1219202,805870,927837,564997,541,652,1123128,341582,1402732,411488
merge_NG-28520_B06-bin.49,64,119,455109,5677,83517,2480,134843,10300,86917,7,13,7,6,762,358,1313,214,55,644,1107,288,182,129,985,2138,714,4437,1438,366134,182383,339661,311906,34941,110114,25086,2569960,2936258,2211857,2070298,7937,2411628,2594933,1426112,2650222,6065,402881,708375,595136,2253833,781,689,19956,118060,920583,563422
merge_NG-28520_B06-bin.5,4471,1045,878241,1654283,2256197,618358,4839515,5739761,4825057,607,3317,48,65,584,1138,416,2058,215,1094,129,6366,3327,812,953,614,1452,390,538,248610,574847,772277,995893,1506443,940422,510738,229114,317522,190832,288108,323017,292911,329456,156052,262334,372546,354377,221211,238092,235092,232539,250003,289246,221123,122299,128227
merge_NG-28520_B06-bin.51,78,11,9736,5935,5869,1629,1905,1531,2489,23,90,5,0,111,161,2,9,109,786,1470,177,18,16,9,0,157,230,274,18727,2950,5614,14759,9241,11529,8492,2615,3556,3303,2845,3959,2884,2798,2142,2527,6927,3289,2536,2427,2226,1592,1518,306,2327,2690,1231
merge_NG-28520_B06-bin.54,18,13,20815,15356,18447,4724,3345,5860,6456,4,43,2,2,683,729,510,500,152,400,157,90,6,30,940,671,775,567,38,4283,6907,3602,5798,4490,7207,17317,13051,20366,14507,10274,11298,16201,16299,7074,13216,14904,7765,9010,5518,7194,9531,9258,18639,12878,7940,3648
merge_NG-28520_B06-bin.55,261,253,53917,52215,63987,16161,745968,1088891,687036,15,155,308,81,7940,4049,3498,4472,3970,3807,15581,1006,359,288,22877,4383,21869,16674,15192,35799,35004,40110,64120,34755,21806,690189,1082830,837025,376347,349782,428953,1260934,592300,198060,480409,259516,799950,377593,339184,258370,17582,15600,145400,58771,207757,138155
merge_NG-28520_B06-bin.56,4231,551,295340,1633743,1779672,458666,824543,1303591,890106,703,3952,52,57,333,274,400,2488,1068,2831,344,6614,1923,319,693,586,2310,741,883,1346895,2308594,955729,1715157,1498153,1024118,886888,439259,649330,707406,1212931,638891,541669,662746,677931,1043202,646206,868091,406768,681695,804166,1251858,1272567,223378,117282,433056,204802
merge_NG-28520_B06-bin.57,22,26,85689,9452,24449,1601,32583,37260,29678,4,23,59,38,4,3,0,1,1,6,18,134,87,29,3,6,28,3,149,141905,9424,203749,169886,141327,308624,37703,31051,1996,1372,760,18521,35848,2111,1843,1527,10132,9104,2658,2086,1903,13859,12870,3220,1171,20151,916
merge_NG-28520_B06-bin.58,169,242,450386,28457,48779,9259,31723,13031,63901,11,79,5,6,1412,1721,1031,763,834,765,1016,659,277,253,211780,132594,4202,2050,2808,161194,38400,183199,80310,36927,38074,41657,25853,20154,35281,7570,22085,36445,27853,10786,10608,308503,137599,80627,84798,45175,35336,33504,1843,20041,52879,26836
merge_NG-28520_B06-bin.59,178,16,1484,1296,1671,389,2328,971,769,12,85,16,20,2,4,11,10,8,32,247,820,35,107,10,5,65,9,100,344,1048,531,1413,1196,894,13177,920,719,69,232,9996,771,479,79,344,10228,1864,518,207,249,1934,1765,816,122,225,155
merge_NG-28520_B06-bin.60,1345,1972,567956,291129,439377,150198,503043,726529,653829,2,8,11,2,2,3,2,3,91,0,3,2970,3330,2761,6,7,153,3,55,341161,312152,316968,253058,259984,318001,13078,3554,410,510,1350,884,1648,666,363,1361,70373,59831,45925,38129,19503,110892,115178,57318,298276,19351,313478
merge_NG-28520_B06-bin.61,3873,1677,6389,5419,6540,1264,3881,4073,3894,1126,6521,2818,3742,2670,4100,3108,4576,3644,5546,9487,6572,2415,2108,6825,4217,9522,4069,6705,4886,4584,5014,6906,5202,4400,46039,53328,21068,8028,12528,29326,39679,15062,6929,9264,29611,39500,22369,12574,8915,34470,35288,1878,4141,2963,2778
merge_NG-28520_B06-bin.7,97,112,95889,28734,24764,8597,12288,13859,12750,24,86,13,9,13389,16422,16973,13249,9045,10246,778,487,126,159,27821,18782,37956,17139,17422,26225,8646,35754,38560,33686,50571,16461,8258,7003,14225,12227,10073,8809,5449,5352,13077,43331,18358,10012,11160,11326,42222,37364,27136,34218,19881,9749
merge_NG-28520_B06-bin.9,44352,65937,124007,219223,156950,32789,65006,80335,70309,1383,3689,30969,42180,5145,4122,2621,4493,2806,5535,8738,91806,65428,144187,12244,9531,40200,10520,10764,54822,121329,183219,249130,209374,152022,992991,563302,1057593,1150077,1796479,702288,527282,678608,536129,2611835,1133841,1368093,862802,929099,1581295,2062933,1463257,911820,198436,1030236,346030
merge_NG-28520_B11-bin.12,128,18,554,604,1222,297,1304,2192,2078,10,65,16,16,1,4,2,3,5,10,237,428,22,50,1,2,23,4,14,411,414,1406,950,241,2908,5884,10394,6818,3832,2565,3595,9137,5662,3148,2518,4591,6317,3889,3436,2138,1576,1664,167,2395,1408,757
merge_NG-28520_B11-bin.16,5591,3185,8606,4694,6502,1022,105130,70008,72277,1036,5536,4337,5235,3369,5874,3645,5291,5651,7023,24023,11669,4402,5449,8745,5156,16245,6415,10667,4766,4028,3631,10303,45396,6760,1785,389792,621107,313559,543671,1534,145918,95761,31686,593063,146862,88285,82590,54468,164098,3045,2695,16642,50932,176971,29369
merge_NG-28520_B11-bin.30,280,152,38663,27634,25672,7376,80347,153615,94090,49,259,29,32,560,294,1469,171,294,571,44838,1140,204,225,2465,451,13322,7606,29950,9638,22907,35891,95682,37835,6871,5851,456083,108252,303591,710545,8630,471367,95910,309686,630619,10213,42874,77878,158440,358251,2424,2255,21152,58401,77321,82480
merge_NG-28520_B11-bin.46,4914,646,102043,199215,214394,61255,3037928,3306019,3050130,775,4204,75,59,1274,1160,683,2490,300,1537,231,7581,2223,343,2636,1483,2386,765,970,113771,148814,90909,1205377,1990996,1796717,94992,539556,1461366,1756391,2222786,72878,618270,1959809,1926348,2138975,163561,288471,1038799,2093638,2371401,98227,86244,97114,168433,943579,396566
merge_NG-28520_B11-bin.49,31,38,90461,117248,121218,30117,151324,178090,255589,5,10,6,1,0,5,8,14,5,11,1,135,142,89,12,1,20,4,5,43316,100333,64844,98205,73978,60612,5222,18692,58950,41253,100920,128494,302889,344418,185102,67271,77911,153999,141629,107736,30126,16843,12682,154444,20477,35952,71834
merge_NG-28520_B11-bin.51,244,108,5286,2187,2521,642,1544,2222,1986,153,559,47,50,755,1501,547,676,432,16164,7817,658,179,123,1368,1145,2213,5845,3136,3456,2397,3055,3754,2331,2621,58639,499638,75429,38161,17736,49658,422697,78612,25218,15402,30921,135703,77416,40421,9698,2518,2417,19966,2726,2200,6599
merge_NG-28520_B11-bin.6,50,18,104779,6543,15107,2109,32779,922,12783,16,50,13,5,4,1,3,1,1,14,71,353,39,37,2,0,40,4,15,84874,309,46675,9030,2185,63429,71,23914,13654,15710,4672,42,42595,23719,10914,7358,231430,98604,66641,71076,36372,57,89,250159,9736,42995,27359
merge_NG-28520_B11-bin.63,3541,863,1146696,1916553,2570554,634949,88517,62235,178292,783,4839,1149,1031,2000,3289,1493,1578,4045,2817,17665,7550,1492,1625,3577,6855,15629,9829,29420,807736,21726,16359,1506086,785893,163434,9316,889637,740549,747912,1979718,5796,1263761,790102,396932,3052498,67600,739039,1259304,1821836,2800194,6798,6572,65474,459853,1870809,600718
merge_NG-28520_B16-bin.16,576,1091,16,20,36,7,126,121,84,2,4,0,1,3,23,8,43,15,79,46,1561,1743,1337,12,0,220,41,31,235,190,219,1064,833,1160,0,169,46916,62492,52738,0,177,26180,32212,45546,35187,14259,19637,65456,67602,4,7,29819,37810,32170,38057
merge_NG-28520_B16-bin.2,13702,1479,1315,3814,5485,1288,2276,1262,1397,13,84,20,34,57,476,278,35062,4454,95415,517020,21060,3523,1132,362,8372,8732,4049,3442,4053,2279,3385,21060,15366,16832,3274,32030,58689,18465,34581,2859,28012,34519,13653,37820,2729,14966,24582,35699,26777,799,810,1097,23642,2873,4195
merge_NG-28520_B16-bin.29,212,136,67890,19687,28298,5675,41069,75721,75911,49,213,13,10,1439,2659,1542,319,1387,430,9817,794,228,186,3197,1627,28319,10705,6776,111152,46779,240105,163256,200583,126954,10657,33225,137142,70072,110346,5991,34565,121721,46590,123382,34085,32846,53244,30082,91736,9474,6985,71686,21765,62122,18189
merge_NG-28520_B16-bin.4,119,4,528,283,570,123,195,212,216,11,74,3,1,12,6,16,16,10,27,6837,414,14,10,5,8,85,15,197,470,156,488,608,302,382,713,2268,9483,3949,8150,787,1622,4256,2121,6184,937,749,1872,957,1713,741,803,2841,1687,1403,698
merge_NG-28520_B16-bin.58,48,44,76768,72297,72354,34249,146207,154321,149932,9,32,10,5,183,198,2,1,57,16,418,262,72,51,67,36,896,1652,490,22135,314894,6794,61608,60452,35999,24434,7574,54846,5698,6545,14025,10792,56367,4961,11032,16711,8393,96239,72815,13220,3172,3082,72797,3936,6068,7660
merge_NG-28520_B16-bin.64,1540,91,36537,1244,11033,707,20016,17198,18369,6,9,147,9,3381,1,0,97,190,24,4834,637,33,31,563,183,4979,2081,4839,14818,12031,17164,24651,10421,16200,843,962,16545,13000,3104,567,1014,10603,7419,11470,75763,36284,19864,41132,25468,9129,8217,37869,4911,69852,14411
merge_NG-28520_B22-bin.18,59,10,125545,52776,61490,13704,400,420,294,23,108,13,7,25,172,2,14,4,33,210,303,36,25,57,7,138,24,43,21793,18878,37218,6157,17684,4350,4440,285,4190,20468,15492,191137,239899,242964,219117,5656,45761,59236,36075,84458,2792,55856,57780,64,605,673,3491
merge_NG-28520_B22-bin.20,64,54,7102,2847,64873,841,2576,2939,2999,6,17,12,8,329,382,305,271,214,503,1397,261,50,78,618,389,1419,824,629,3539,1526,2569,4009,1994,2485,9547,19344,15925,15070,11834,5956,17850,8914,8084,14005,9749,23158,25606,22199,21301,135480,145909,3363,128974,6909,41789
merge_NG-28520_B22-bin.36,192,14,2878,1118,1933,345,709,676,827,15,92,15,10,105,115,169,183,80,215,3034,623,31,74,931,580,351,152,263,1273,407,1105,1078,1273,828,874,960,3490,19429,53890,543,961,2515,9264,38736,3099,1612,1447,1686,8386,1568,1599,1733,5547,3679,1373
merge_NG-28520_B22-bin.44,16740,26878,4553,58618,42837,7181,7836,16405,11582,908,2260,10743,13242,32860,101910,1700,3210,2786,15303,6244,38073,25774,54727,6555,128592,131491,26764,18758,5137,12021,13049,25090,29593,18896,320730,813646,779609,1168535,385575,253681,664892,447287,657858,506516,252801,1253343,600027,820933,517901,690462,513828,98633,312956,709950,168323
merge_NG-28520_B22-bin.51,908,2218,4523245,1110227,2009246,218282,1251748,835854,1058811,6,15,12,30,25,97,67,209,89,72,293808,2798,1418,2571,117,122,30460,339498,17635,1165694,1032538,112008,376864,81610,795061,40669,17995,7993,28205,7504,25272,16649,4150,4157,2203,1657337,157396,41530,30192,11056,759471,609375,879495,137475,300861,210889
merge_NG-28520_B22-bin.52,2437,7021,138,22,36,17,30,34,34,689,2269,106512,152869,132173,1317,126,138,127,6420,214,6157,16765,7988,149571,60017,181364,51923,81572,2707,5505,3190,8388,3624,2134,57,14394,32710,34274,16608,71,8593,15669,14192,20886,152,10827,11963,12902,12128,41,32,53,11096,8144,5861
merge_NG-28520_B22-bin.60,103,23,98289,37728,22166,7167,21336,35480,18855,23,135,16,13,35,37,7,10,75,31,574,562,74,53,12,5,458,58,392,40049,39432,39287,63872,59341,40787,1570,2037,8769,70923,11207,1328,9191,32572,30336,16315,126249,61960,72048,104638,50617,79287,63489,18214,26274,134866,46057
merge_NG-28520_B22-bin.61,72,14,9570,9817,15719,2928,2278,3357,2630,14,99,7,11,185,354,61,236,334,79,206,420,33,17,579,639,2356,228,397,4253,3006,10159,9738,8874,4670,37105,26774,44575,45092,37782,19750,15294,17768,24170,17429,8071,5332,4357,5417,10708,12806,11356,1364,2794,9186,1903
merge_NG-28520_B28-bin.23,466,561,7852,10218,21766,4118,7196,3898,6797,62,282,34,56,160990,195061,197911,155666,105544,119730,345,1737,563,826,335565,226983,436857,200925,208729,3601,2387,3468,3599,2685,2851,22721,9768,10329,18537,66225,11272,8758,6650,11345,51830,11234,8320,5259,10945,17751,5300,4890,4067,2907,8946,2372
merge_NG-28520_B28-bin.38,18,5,437,6479,8917,1667,2070,3121,1931,3,19,3,1,73,1,18,5,41,167,641,147,6,7,77,46,24,5,425,509,767,468,215,259,290,4721,2886,6415,5239,10367,4517,2978,4221,3662,7588,3968,3113,1535,2924,2565,4546,4530,3254,1378,1713,705
merge_NG-28520_B28-bin.42,46,38,29778,24335,27198,6658,196158,191515,140731,5,24,26,44,112,194,278,211,1483,1801,2312,165,73,38,615,237,7374,1446,420,11598,9908,13640,18429,16928,13916,15196,16431,15571,15731,16056,19367,28112,26942,19294,13340,16982,17376,13225,15186,10562,17767,15906,15874,11438,8156,8752
merge_NG-28520_B28-bin.5,906,130,332,258,197,49,979,1976,2004,47,277,83,54,20,52,196,16,223,691,118,3821,194,547,48,22,1018,204,184,827,971,753,1391,3388,1819,339,10067,13706,6884,29081,303,9271,11902,6946,28469,3390,9368,19434,13982,16966,345,318,1145,3463,8817,3270
merge_NG-28520_B28-bin.54,76,84,2588,1803,2461,517,18153,14901,20109,30,123,12,8,186,296,52,154,381,9798,4896,275,130,82,634,702,211,1751,1486,1680,47418,875,15389,7882,3870,1653,2818,1663,147585,249827,1153,6883,2385,80726,253775,3271,6262,1192,13792,115728,238,208,57911,18387,25807,24299
merge_NG-28520_B28-bin.8,2039,8164,38,19,17,49,13,19,13,31,32,307,2432,29571,2,8,9,7,16,16,3187,30274,4868,105614,41647,29725,7231,1669,1187,931,1279,9063,5343,4423,280,153,265,23,333711,174,53,25,14,284909,733,33,14,60,74041,20,17,19,109564,43593,9204
merge_NG-28520_B34-bin.13,206,178,22306,12821,26801,4587,16299,16615,16022,12,75,33,27,2533,1479,3433,1140,1063,2781,10501,636,297,235,8278,1423,13157,7610,6147,25675,18314,36851,29653,17511,20464,76224,127051,126825,456202,748090,46717,135020,95510,355399,601781,36860,85108,79664,285685,377696,16793,13293,76713,53263,34627,86389
merge_NG-28520_B34-bin.16,8,1,126363,20478,26592,7311,1698,6902,5577,0,0,4,1,6,2,0,0,39,4,4,22,4,5,121,0,55,8,12,22361,21032,31250,9989,18103,21610,4562,133,101,66,53,6281,191,126,75,59,6531,925,130,90,66,22709,23082,44,126,82,183
merge_NG-28520_B34-bin.17,100,138,7384,11535,12646,3649,6384,9228,9317,5,16,435,455,244,945,221,214,836,123,473,463,255,174,891,261,832,167,387,2742,2689,3203,1576,1301,945,5406,3874,3093,2509,2039,62563,20290,5153,3894,2475,46599,6173,3050,3533,2372,5637,5017,1360,1290,2862,1585
merge_NG-28520_B34-bin.20,28,22,21940,31723,62507,6763,704,1114,816,10,14,16,20,2872,2073,452,186,1226265,1183,12709,109,27,35,7717,136,1284680,6535,10462,4425,5576,4182,2099,2096,2974,10607,1316,132,553,300,214858,207173,70763,113603,1090,194956,220544,134256,117332,6595,25762,27860,572,84,14706,22224
merge_NG-28520_B34-bin.23,1931,452,6082,2426,1758,492,294,346,296,69,399,223,155,34,116,101,21,5552,12159,97,6929,526,1186,64,35,10330,2521,3277,2519,1223,6831,594,700,604,42992,15364,11350,9751,11865,35634,13182,7510,4170,15377,39602,31286,12024,6576,11226,26230,19553,157,14449,10792,2675
merge_NG-28520_B34-bin.29,197,200,83300,123295,137374,36930,42596,71637,61021,26,114,20,11,2664,2004,4999,1201,635,3160,11252,580,286,251,9180,6403,5772,9376,6473,49851,63716,41035,37033,31407,36171,32811,91788,31654,26040,19289,25078,85393,30194,14905,23468,34179,37446,23506,19031,22225,39098,32716,26541,24137,17914,19417
merge_NG-28520_B34-bin.44,35,17,1625,1126,1307,329,29213,17252,20787,5,25,11,6,459,176,586,1740,996,2788,4514,187,25,18,781,213,2854,322,736,1333,15608,2174,10371,31254,34842,2579,2596,1243,1042,1140,58487,142057,132168,34039,2734,35815,87616,82502,65336,9625,3294,2495,24443,416,4492,9275
merge_NG-28520_B34-bin.52,396,74,787,1784,2612,708,1802,2076,2128,40,180,90,76,8,16,49,27,26,84,127,1563,157,319,21,12,231,50,61,115,128,99,231,241,125,38648,21383,33553,11867,18478,34332,19563,19207,8798,20838,22863,4869,8763,8451,4946,1805,1695,8815,3163,2126,2488
merge_NG-28520_B34-bin.55,5108,3763,786,500,560,164,508,653,530,850,3932,8248,11159,433,1029,460,761,829,1190,2196,11428,4893,8299,1253,756,3911,1004,2278,721,474,775,699,513,601,151223,10815,18189,10512,4738,101095,27081,20020,4282,43167,37477,38690,17398,8359,16780,660,707,582,18278,2263963,17102
merge_NG-28520_B39-bin.23,21,26,29331,3656,2395,727,198,2529,1051,2,19,5,5,234698,227262,602,136,6446,0,16,63,43,24,6799,1544,62000,582,455,3133,5587,4175,2467,1698,3390,303,298,169,119,88,4747,14111,6999,22523,107,2061,3419,5831,10220,212,1213,1169,17,449,418,493
merge_NG-28520_B39-bin.27,280,324,243377,3319,5061,868,3832,2633,3275,11,63,10,10,5,5,4,15,23,189,150,1007,293,516,13,1,304,7902,476822,62236,6524,73116,5990,4945,4307,30,153395,241691,153927,466758,37,140934,214014,167868,783992,1210,41695,109359,183344,549196,216,206,1236,40011,54257,27422
merge_NG-28520_B39-bin.29,76,111,2863,1418,1107,424,393,827,632,5,7,5,11,59591,3318,2252,313,4429,163,1035,318,54,115,23684,2191,7458,888817,80350,1967,2175,5197,5380,3001,2858,246,127,109,752,57,444,113631,556690,54953,1534,1110,19359,303990,225455,6675,737,813,525,207,13063,6997
merge_NG-28520_B39-bin.38,636,42,1926,13079,11525,2161,16717,21112,14762,61,324,34,18,8,20,540,24,555,3874,217,2499,100,175,29,17,2618,710,613,641,3058,774,5922,3606,11712,50146,128712,151071,73105,150469,41126,108016,125458,68550,178895,39190,89924,105409,103476,120765,3831,4062,16866,7005,12657,21909
merge_NG-28520_B39-bin.49,68,88,41055,11148,19227,3291,28751,22292,28252,13,66,17,8,2416,1905,609,369,606,2360,3983,405,127,120,5750,6824,3592,4075,6163,21960,3194,11559,23983,9243,10142,317144,396023,33868,24898,152498,186731,1100338,160129,682688,250798,140362,1212751,130882,533499,190758,12548,12246,129576,28632,152155,54693
merge_NG-28520_B39-bin.55,555,187,313366,157899,171353,44852,191706,367032,286346,209,878,256,191,74,111,138,216,131,365,1061,1933,373,507,173,122,1117,194,219,110102,148783,120642,4947,40666,165542,2436,2487,1487,1863,962,1636,19701,9470,1789,1440,6485,5334,4458,4288,1831,21759,21914,13565,588,7395,2663
merge_NG-28520_B44-bin.36,208,38,4705,6007,8946,1589,2550,3027,5345,25,152,34,23,384,201,1903,1565,122,392,95,1009,65,101,3326,2122,1018,556,214,2126,643,1782,3045,4723,1398,37358,8458,3541,9259,25350,56050,49899,50889,44670,29512,44357,33760,21298,32358,9379,2959,2986,26726,1123,5201,4949
merge_NG-28520_B44-bin.48,3521,4929,14,8,4,9,16,12,11,127,335,6749,8041,21,2,1,9,1,14,16,8173,7959,9924,83,55,58,11,14,7,21,11,13,21,17,24,23,93,88,29,48,7422,150776,24353,97,57,19451,64589,49702,3745,18,35,21,20,3844,18015
merge_NG-28520_B44-bin.49,1305,258,911,542,508,158,16291,33552,23779,216,1377,293,169,121,227,215,343,183,565,1107,3616,478,611,341,162,1635,359,473,871,525,45847,24671,23405,20657,330,12958,17864,14003,16264,298,42588,31832,11411,12865,11837,22283,15082,20933,9661,421,389,2038,3411,12130,13857
merge_NG-28520_B44-bin.51,226,14,336,1328,1632,1201,161,169,164,52,231,22,18,224,276,301,518,222,731,1742,875,51,68,364,282,515,258,680,229,94,90,147,99,105,373,336,634,330,354,13822,10381,22731,4149,350,4943,2681,8306,3236,183,13878,13611,105,447,874,1235
merge_NG-28520_B44-bin.68,3309,480,95538,52022,41141,10954,68225,83170,59236,238,850,234,182,66,299,5530,50,1789,2128,1051,10041,524,1238,479,302,6806,2178,1908,6909,13123,5870,26365,32108,28202,43833,25207,131775,30411,74438,34263,22186,99535,26276,117360,94341,62963,77167,75315,92718,57100,64067,62222,5452,39612,6085
merge_NG-28520_B50-bin.21,21,3,563,24,38,14,211,257,182,2,14,23,6,95,82,94,153,75,164,245,162,12,14,296,68,581,51,271,652,73,547,140,172,185,18,107,1230,254,228,158,432,1467,34380,306,188,338,754,16858,520,13,26,132,117,201,540
merge_NG-28520_B50-bin.38,2917,3179,91,308,206,42,51,96,73,20,95,1592,1550,185,392,7,9,11,84,32,9087,3497,8897,118,585,1432,219,164,101,161,180,263,230,159,800,1818,24698,82957,108011,598,1427,14271,36559,130305,839,2862,4282,25314,64756,1800,1402,498,350302,190912,21503
merge_NG-28520_B50-bin.48,26,34,15731,67340,87640,27902,55783,38079,35178,7,23,9,2,21,20,185,604,70,887,743,143,47,24,109,59,83,160,235,46743,91889,69635,50070,26427,22496,86297,30262,47194,172634,15749,63651,34008,41201,54544,16434,26747,22913,20250,22826,12079,65302,62168,13283,33065,52127,12869
merge_NG-28520_B50-bin.62,20,11,825,320,281,88,106,179,149,1,7,6,3,2430,2135,486,29,2046,13,36,145,12,23,8460,696,2634,29381,4432,2872,8290,11349,6172,2208,4885,80,19,13,46,28,309,4194,29112,83171,1118,526,986,15932,52477,2957,285,307,112,12,10091,1788
merge_NG-28520_B50-bin.69,71,30,4647,4235,5642,1260,4313,3511,4550,9,36,3,2,293,46,0,62,27,196,867,189,47,35,99,248,343,368,441,3610,2187,4761,5303,4557,3540,3184,2192,3166,2037,1581,3793,3461,3631,8360,2152,9811,4706,3319,4934,2954,1852,1774,5297,1658,5271,1671
merge_NG-28520_B50-bin.9,0,0,365,468,525,132,334,329,306,0,1,2,1,221,3,0,3,15,5,12,13,0,0,71,0,126,4,129,1164,1164,1477,558,387,431,7262,9366,11503,11088,9086,4540,10171,9714,8438,8508,3249,3749,4762,3929,3421,15243,15488,4793,5147,3759,2088
merge_NG-28520_B56-bin.0,119,23,29595,57194,55121,16620,54215,142451,127189,11,63,1,0,0,2,140,131,0,109,1,188,54,11,343,238,20,150,6,46595,57300,89236,51832,98427,100948,2992,4574,5338,2422,4150,2284,6792,7651,2978,7391,4468,3140,4871,6796,8008,1843,1781,2035,3325,16423,6637
merge_NG-28520_B56-bin.4,193,30,1287,4758,10224,1314,4871,11285,8231,129,478,38,33,120,518,1922,733,348,8591,6360,515,78,31,422,307,1181,1947,1881,3242,4940,3676,18614,23526,10243,118187,99432,146213,88979,122334,98176,128703,140969,58150,96992,28292,101522,41044,31826,34070,110,88,3200,10476,8956,11862
merge_NG-28520_B56-bin.46,85,136,113225,3114,3569,1005,171401,465557,315566,5,18,44,76,458,229,638,244,28,450,711,382,220,160,882,886,1294,4920,28324,149273,7016,100600,17228,29852,11073,1207,1886,267929,45154,41787,719,4082,236662,38859,61852,18179,20225,121781,92285,103788,1912,1664,12016,26657,38397,12924
merge_NG-28520_B56-bin.60,617,138,977,825,4783,233,1349,910,1357,95,463,184,109,113,165,105,222,121,3523,5733,2314,296,559,217,149,479,759,1326,1360,2076,775,3403,1532,2049,35263,36183,79905,45221,69788,13244,22431,45902,31244,84947,10434,19961,14683,15062,28109,5376,5444,594,3822,9993,8464
merge_NG-28520_B56-bin.73,130,125,272875,287566,358023,76412,113130,232650,191363,8,84,8,16,126,368,220,120,764,244,1442,653,154,113,754,464,3157,244,596,54391,158083,81140,201716,183704,162996,119216,270872,120949,62454,68600,39645,136265,5648,1953,107750,70081,52385,35621,15066,68295,145240,101854,60414,23154,35001,31563
merge_NG-28520_B62-bin.19,6186,3873,131629,76703,73615,23793,38216,44988,41727,1368,6525,4906,5925,56048,21337,69221,8131,182875,11666,76801,11983,5311,5526,112065,12582,79820,40924,199415,71920,82232,116438,89551,91664,54703,8425,13800,15895,14214,19601,7415,19130,22003,14159,21460,56663,24214,28543,41305,30606,24335,21793,15841,16160,40418,23574
merge_NG-28520_B62-bin.20,30,4,16905,15521,11313,2817,4896,6854,6815,3,4,5,8,20,15,66,25,5976,21,57,178,11,11,427,11,37425,75,151,8890,20287,4321,1233,316,2263,455,489,319,96,109,4317,3746,3341,1805,123,19339,4478,1906,1960,143,11393,12388,109,446,140,380
merge_NG-28520_B62-bin.29,5768,3778,40709,14861,14834,2481,109374,85145,74343,1014,5304,4308,5670,21579,74424,31367,27005,83738,22802,154469,10690,4543,5279,63492,38152,2489325,40310,4053145,14935,14239,16856,198868,71810,27954,2355,2635,2953,2884,3399,2325,3927,3682,2226,3761,322602,19406,4521,3984,3148,6279,5437,933123,2857,7176,85652
merge_NG-28520_B62-bin.30,175,184,93991,3104,2284,723,80359,86631,67835,9,44,93,59,211,240,160,37,43,45,255,686,177,317,122,50,2194,2371,926,29323,57190,8558,24392,59203,47793,122,301,403,304,267,54,295,332,184,526,87713,10457,1338,736,675,1490,1518,62684,900,1197,25368
merge_NG-28520_B62-bin.34,3998,1322,1568,346,321,95,666,798,742,2,10,44,31,0,1,0,0,4,8,8,7510,2830,2944,2,0,6,2,0,1346,2390,2357,5080,4043,4833,114,216,1615,1649,7055,78,205,1814,2887,8210,77996,169970,316805,571968,379319,202,179,16336,12019,87300,248652
merge_NG-28520_B62-bin.38,22,41,11545,3295,3664,947,11697,14876,10169,0,5,2,4,1199,496,1892,67,112,1350,4976,111,39,52,5312,731,2631,2528,4088,4498,7421,9517,8460,8125,8371,2897,3743,6421,3234,2297,2122,4129,4786,1795,2927,11667,3933,4695,3723,2644,2732,2716,9145,5255,4346,3116
merge_NG-28520_B62-bin.40,189,175,226352,67370,67709,24717,126000,71530,101575,13,56,9,13,4,7,18,29,5,49,85,573,173,238,40,17,42,11,14,388491,95734,742379,317889,265804,261104,132377,15519,12975,73195,8138,96375,18522,12290,21467,11119,383883,425946,304807,218700,66418,209392,194459,346239,30835,27778,58872
merge_NG-28520_B62-bin.48,7264,10438,4273229,5521277,5295583,1321793,3160395,4115174,4170798,7,15,50,23,2,10,12,17,9,21,19,13848,13606,17743,26,9,25,10,14,2838095,3119772,3412038,2937638,3829316,3987415,165738,62411,9922,5262,6829,165146,439819,215742,76861,13351,1191475,745394,466039,303341,161382,2312408,2561251,814093,1024184,297528,345577
merge_NG-28520_B62-bin.49,125,161,8542,4207,2421,882,10035,13939,10581,5,11,24,8,3986,809,275,39,1928,15,65,471,124,265,9454,2533,1735,74071,5407,2854,2133,12696,7836,2651,3142,601,1512,617,402,250,628,4758,15232,3349,545,42060,24197,22288,21250,5236,4631,5570,33058,651,3226,3948
merge_NG-28520_B62-bin.66,1227,979,1022,589,791,166,898,1246,1047,217,791,2396,3295,10,0,2,4,10,7,3,3262,1317,2608,8,9,248,94,294,624,1414,844,1192,1072,1166,27551,2574,4387,2150,1009,20114,7139,4916,1214,8323,28728,10296,5111,3588,3717,602,543,757,3468,430748,5192
merge_NG-28520_B62-bin.70,17,52,83071,6476,12767,2627,9118,10334,10377,0,3,1,4,40,1,12,1882,9564,909,4243,76,41,55,325,288,4214,639,642,18180,1790,33649,61868,44044,231419,629,4052,308,182,148,171,3031,252,107,196,10167,460,174,186,126,6889,6906,22914,2102,2232,786
merge_NG-28520_B62-bin.76,415,120,1846,2414,2636,590,2518,2939,2265,42,199,100,119,11,16,27,28,17,147,94,1898,195,449,22,10,248,66,52,3855,3292,4518,3532,2931,2363,1021,1652,3753,9259,6168,1434,1959,4290,5394,8069,34402,12417,6436,7016,4523,1823,1612,3225,9428,7851,5602
merge_NG-28520_B67-bin.31,8797,1181,3601,2180,1533,485,1730,2028,1529,328,1674,535,487,87,417,5350,300,3021,4785,2499,23314,1145,2641,341,237,10195,3639,3529,6028,8200,6482,11255,14670,16776,21773,122528,116217,21070,2723,20223,108764,91323,23414,3553,29585,127022,108681,80059,8565,13046,14999,833,5545,2140,3481
merge_NG-28520_B67-bin.32,2561,2432,21897,3130,2875,633,1812,3831,3127,8,11,31,24,2,0,9,1,48,1,577,5188,2871,4358,20,1,53,58,16,21979,33552,22719,8928,11686,10329,1252,872,537,424,521,556,657,520,186,851,7497,13958,6518,14627,4943,12303,9658,1894,6970,11579,15925
merge_NG-28520_B67-bin.37,38,93,130016,77327,75506,19499,89050,110910,96859,2,14,54,69,487,4126,38,204,996,49,7152,149,102,74,513,1395,7002,11511,1345,53415,54400,50243,39292,33853,47492,18702,11011,32433,34552,12733,13769,14420,28574,15349,14750,25170,16047,16438,15552,15414,22117,20300,38049,15879,21894,9392
merge_NG-28520_B67-bin.39,1560,803,103692,71174,65315,19538,77123,93419,81533,93,508,1185,1448,36832,13825,35146,7001,91213,6840,131873,3414,1052,1194,55721,8188,580291,50146,893422,51405,67783,82624,120433,97749,57854,19950,16740,19485,18558,17952,19409,32180,48112,15679,19906,103715,31757,32287,29110,16821,36703,29966,207116,19001,28269,36393
merge_NG-28520_B67-bin.68,170,233,1168,973,1209,288,48369,42076,46459,9,59,244,51,260,904,374,326,1012,341,5582,705,305,269,916,576,3097,1080,1135,424,644,11299,170712,35874,127783,336,43840,34161,20621,12353,198,35920,15102,5911,23350,54489,67501,38647,46512,35154,461,356,16905,38911,11040,23990
merge_NG-28520_B72-bin.12,26,7,8427,856,1417,149,5185,5068,4572,3,28,1,1,279,259,213,206,62,157,16,133,12,11,373,243,338,198,10,5870,103,196,8355,2016,22233,52,16514,16925,3949,1800,35,12702,13800,2465,3558,21903,13914,14803,9668,4564,55,59,15543,12644,7293,6306
merge_NG-28520_B72-bin.28,168,92,21832,12792,13692,3462,8989,10455,9034,9,72,5,4,702,840,850,690,585,1909,1699,565,150,148,1636,1016,3088,1330,989,8476,5382,9189,10355,8312,13445,9616,7853,9096,7070,7984,8579,9519,9623,5693,10718,21268,14090,13956,10394,7839,17480,18071,11505,9856,9351,4151
merge_NG-28520_B72-bin.37,56,98,80303,1737,2351,596,46678,30850,33722,10,31,9,5,32,50,11,10,48,25,957,381,171,122,29,20,107713,271934,1256,22518,3812,48008,33416,61890,68885,743,10223,14543,83343,5503,452,12870,14603,23715,8477,58468,279339,91007,69934,19820,482,499,33979,43910,43826,72048
merge_NG-28520_B72-bin.64,1476,305,160376,87367,68708,18870,109915,133847,95031,48,276,84,76,31,107,1881,17,506,729,342,4598,307,667,88,55,2720,822,764,6074,11058,2647,18197,19862,21094,77501,32768,32027,8753,118954,60175,28081,24138,6865,187208,116730,96820,32454,20949,131389,99418,112336,20033,6526,62533,6304
merge_NG-28520_B72-bin.72,114,82,14033,1316,4832,511,9805,31203,20690,6,41,3,4,244,948,773,344,882,702,679,334,108,116,1249,664,1607,1098,864,3459,3283,2047,15585,2922,5415,1245,3194,4544,3344,3316,811,3148,29441,5802,4115,5835,3478,18273,15973,7689,1821,1653,4664,3594,5546,4181
merge_NG-28520_B78-bin.14,64,3,6679,257,286,132,110573,197405,145774,15,48,12,4,0,8,3,0,1,3,21,405,12,35,2,3,25,17,7,501,193,545,522,1275,745,459,156,225,191,112,388,389,528,174,210,29923,5690,11312,26734,13660,467,466,73258,66,5402,6855
merge_NG-28520_B78-bin.56,6,4,2016,365,790,69,9605,11038,10946,2,9,2,2,1,1,2,3,1,2,2,42,19,12,1,2,13,1,3,3459,960,4121,12125,21624,85362,738,491,913,881,1085,395,613,9396,614,1467,7224,5283,8949,23840,3801,232,196,7511,17965,30842,16164
merge_NG-28520_B78-bin.61,190,270,2486,1520,1724,466,55780,48791,53522,6,58,247,51,274,956,418,343,1144,387,6125,677,341,295,1026,596,3971,1335,1414,1573,1688,14500,194365,41902,145365,385,49614,39004,23390,14084,224,40723,17470,6744,26430,61968,76370,44202,52894,40064,575,464,20267,44384,12659,27355
merge_NG-28520_B85-bin.3,87,71,30004,5912,4686,2348,59403,73212,53387,8,30,16,13,88206,79,83,410,809,64,249,422,74,112,13190,891,53213,2127,31661,226049,241956,315221,118885,99693,106774,4767,9130,5352,2324,1886,3647,8962,5641,1365,2730,18574,6878,7547,5193,3764,89408,80506,47381,1062,7026,2177
merge_NG-28520_B85-bin.41,379,312,56962,36362,47376,12337,37900,46926,41566,36,156,13,15,11586,34022,15683,10775,35277,7800,17524,879,358,381,34008,22367,38958,20755,38845,38234,28731,35100,37085,26581,26841,22209,25537,16283,16898,20323,13856,42877,16567,23485,26042,36914,44066,16908,26394,22051,28763,23738,38795,12809,19256,10376
merge_NG-28520_B85-bin.5,501,619,2173,1010,825,148,284,295,402,0,3,10,10,0,2,0,0,5,9,13,949,768,887,1,0,4,0,1,1799,4518,2879,1764,1109,2077,750,617,579,1875,921,432,402,325,476,1402,1981,2161,913,991,1148,35840,23162,26,14796,7535,6407
merge_NG-28520_B85-bin.52,14,32,18907,39856,31848,10130,2072,2449,2549,2,17,12,16,1,1,0,1,0,3,8,71,85,39,4,4,9,6,2,4538,1068,1762,7609,3536,13386,16020,2449,6120,6042,3804,3808,4360,2986,1334,3694,2235,823,2222,2344,7272,53667,61486,1080,2272,6132,821
merge_NG-28520_B85-bin.55,17,12,5815,27901,35336,8372,12394,16064,14661,1,14,5,1,4366,2756,1633,1532,731,889,2214,86,20,15,7742,6256,2293,6741,1992,6733,3747,7645,4716,2906,2040,1879,1470,1475,1971,2058,1153,2055,1678,834,2773,2163,1380,1753,1800,2778,39631,40685,3944,1219,2228,1176
merge_NG-28520_B85-bin.56,2415,2127,20929,13545,14775,4050,5794,11783,8264,2,10,79,56,6,21,2,0,3,8,3,5073,2619,3659,5,13,67,18,19,36544,97779,50894,51048,53164,52888,7049,5187,3951,3354,2658,4571,3586,2547,1003,3423,14510,13175,7762,11962,4866,35139,23623,9828,14245,10933,13506
merge_NG-28520_B85-bin.57,20,31,85935,50574,62496,11505,162252,157789,178209,9,23,28,23,5,2,1,2,0,4,14,134,121,17,1,3,18,2,5,140458,75067,127721,158106,99228,186372,573274,104191,723882,669116,350692,99463,198001,268848,66631,341342,48932,17119,247922,243222,636644,30708,22740,81954,80016,494623,67597
merge_NG-28520_B85-bin.7,11158,9561,31853,18593,15599,3630,3001,3615,4117,1,4,13,12,42,35,42,146,56,84,262,24206,13788,15251,174,110,413,115,123,38555,17666,88951,115916,61030,35798,5581,1096,535,506,763,6928,1354,541,387,841,4972,3579,2120,1808,1018,130319,138662,287,45722,3091,4842
merge_NG-28520_B88-bin.11,9776,4483,38481,49454,80191,34808,25573,34351,30502,29674,13530,12655,13580,12681,10455,5985,6800,78962,9407,27343,19580,9691,6792,36743,9658,104166,26358,38897,25829,30564,31582,38747,37908,45063,41290,7656,10125,10077,8273,151528,174866,70731,210692,9640,277212,144500,87876,211259,19317,224328,246617,8410,7232,21599,19085
merge_NG-28520_B88-bin.13,86,102,31529,12543,14207,3366,19484,12622,12824,3,2,0,0,0,0,0,3,1,0,22,216,55,134,2,0,5,1,1,3707,2146,7008,10426,8439,10154,566,2786,937,553,1160,237,1952,732,391,1548,9980,7916,1028,2579,5248,14917,17566,5466,5616,1786,6507
merge_NG-28520_B88-bin.19,46,50,7931,7558,7714,1704,11339,13240,10856,19,86,7,5,3899,13722,3713,1886,752,1608,11353,173,74,57,12912,6516,6416,3128,3388,7046,6034,6743,17206,8195,9801,5437,5405,2439,3146,4787,3355,9994,2798,6074,5490,3866,10287,2070,4935,3670,10854,13180,2605,1734,2269,1447
merge_NG-28520_B88-bin.27,13,25,36598,31558,30021,5179,134,214,189,0,0,0,0,458,1685,691,513,3084,345,664,59,32,40,1357,720,2771,650,3201,33571,4702,19619,694,1738,16198,2049,2214,1336,1541,1184,2648,3950,2339,2303,1151,1460,3547,2091,3253,1965,13474,18383,138,9240,5185,7413
merge_NG-28520_B88-bin.28,22,5,993,2543,5656,691,2820,2428,2129,3,20,0,1,1,10,9,14,13,145,491,177,10,15,122,90,32,37,219,451,657,558,347,176,139,2188,376,2262,671,1040,4534,3567,5420,3202,1671,3459,4527,5023,4923,1584,8329,10590,1969,949,1316,359
merge_NG-28520_B88-bin.32,54,67,4178,8547,13266,3451,2448,3097,2753,6,13,1,1,162,46,18,48,811,85,1277,141,42,72,486,349,1589,65,1428,3397,4707,5208,4627,4471,4902,2165,2435,2072,1822,1110,1592,2601,1677,913,1400,8018,2827,1530,1257,951,13135,17050,1571,3665,1275,1253
merge_NG-28520_B88-bin.35,2677,2916,10315,20701,17319,5318,4752,5729,5203,10,61,366,471,148,244,13,2,1027,2495,12,6100,3441,6619,174,404,3187,795,858,7643,11157,12378,29013,29850,52774,18518,7729,6710,6619,7039,14090,7326,5141,2644,9656,22464,21528,15389,12505,9026,36782,38037,9301,14381,9719,5935
merge_NG-28520_B88-bin.36,35,34,14028,17325,18279,5001,3828,4221,3421,4,21,3,6,2079,11559,7,19,16500,21,412,224,21,62,56,11,32518,2764,5995,2605,1795,7757,4975,1267,1552,1728,1859,1648,1364,2329,1967,1898,1446,708,2925,9306,1217,1301,1566,2401,105079,131247,40530,562,1495,750
merge_NG-28520_B88-bin.38,1770,246,15366,32390,34522,6532,4488,9071,6510,185,884,187,145,15,56,430,46,164,402,277,6312,458,773,46,16,1197,267,293,4203,154,2590,462,281,403,30230,7766,41260,15699,17346,52135,13971,68239,16911,23298,57223,25864,45208,34942,33440,68444,69785,41408,10716,25517,7941
merge_NG-28520_B88-bin.39,105,151,45975,30246,32010,8838,1397,2166,1851,1,3,4,6,21745,999,26793,64,383323,35,10899,186,79,213,38344,1265,353485,16990,47685,25023,30449,45067,30381,31456,11521,3467,1255,268,249,194,54999,55624,23748,28960,513,53399,59013,38999,33875,2833,9440,13160,970,3874,9540,8498
merge_NG-28520_B88-bin.4,748,1176,427842,26237,30430,7938,9467,43394,34125,7,48,3,8,1,0,1,4,1,7,4,1566,1307,1823,3,0,25,3243,489,268950,330340,253373,106633,97450,82555,1468,926,179,91,176,283,5110,4894,120,274,13183,6411,5054,3433,1570,34472,38191,13867,10972,9609,3469
merge_NG-28520_B88-bin.5,127,197,2191,2533,9111,3267,4527,9373,7166,9,14,9,3,52,3,27,29,25,4,36,441,211,287,159,16,403,40,187,6372,3308,7651,27033,14997,18315,2064,6063,1968,1697,2203,2195,4971,1352,1014,3148,2254,3820,1974,1790,2501,41083,45611,346,13138,6897,1415
merge_NG-28520_B88-bin.57,20523,8562,5795622,8349553,8890869,2757371,4120083,5620397,5207831,3340,15002,4340,6174,1991,1752,2042,5384,2199,5381,16712,32988,14406,12491,4525,3225,10878,3859,4476,1907092,2502298,2554125,1283340,1523192,1591641,2199253,2912194,1419409,1699231,820162,1798980,4638834,2229337,1313408,811459,1852971,3289955,1756974,1605980,800051,4121118,3745897,1025358,989824,1181086,584721
merge_NG-28520_B88-bin.59,6,1,7858,7226,5245,1335,2235,3187,3284,3,3,3,1,894,4131,1383,1262,6620,768,1484,56,3,14,3156,1860,19989,1433,1202,4009,9302,1946,624,172,1082,1753,2160,2492,2302,1886,2931,3661,3422,2342,1753,8581,2847,1777,1599,738,7955,9887,961,1320,804,566
merge_NG-28520_B88-bin.69,10,11,934,7187,15275,2198,8628,12373,10103,7,36,16,15,1275,3036,1010,1262,2636,2909,4512,164,21,16,1811,785,313,308,564,799,566,838,3440,2418,2467,209,881,1671,823,944,2439,1053,1557,664,1183,12317,673,549,399,1091,66512,69269,23727,91,782,2396
merge_NG-28520_B91-bin.25,194,253,148073,244331,183692,66217,462020,505930,394658,23,112,18,13,1259,439,720,2631,216713,1098,2257,795,315,310,1700,818,1131497,770,1520,93861,184124,125390,118866,108303,435164,36010,6185,5333,2499,4089,40088,10275,5454,1999,5957,134360,13916,3462,2139,4304,143174,127938,119428,7745,7518,4019
merge_NG-28520_B91-bin.28,95,20,67611,3003,4002,1088,8847,9523,7006,10,75,22,12,4,4,6,9,23,33,262,520,25,89,4,4,117,17,135,44128,7675,15505,21977,15554,13274,220,13921,11631,2826,4109,177,15412,15359,3306,5490,9348,6227,11201,4561,4380,86,100,36138,5210,3534,4526
merge_NG-28520_B91-bin.35,88,168,14386,56946,86379,22717,45171,22084,30861,28,107,14,16,3131,3897,1329,1052,718,3083,1738,595,238,174,3318,2131,3390,5312,4165,10956,1444,4990,40891,13130,10100,7029,16955,28813,22698,63329,6498,19954,20452,14286,67931,131704,15197,16177,13863,34313,36599,31448,329023,7771,26619,8867
merge_NG-28520_B91-bin.70,477,875,90541,21059,81785,7055,10449,6332,8652,0,3,13,13,614,2860,963,1234,2776,556,692958,1545,573,1063,2068,1315,55730,49511,26635,30134,9302,7355,5751,3842,23370,1466,757,506,427,384,871,796,388,162,282,150069,9348,1499,877,587,37198,29641,21251,3514,2450,10816
merge_NG-28520_B91-bin.72,134524,166812,120789,199153,150514,30514,61181,73491,73612,880,2502,26142,35019,4480,3421,2280,3895,2377,4646,5435,253634,162947,416886,10662,8356,35032,9228,9201,138466,82412,222258,174931,113984,131703,62172,44791,61544,66619,103107,49172,43124,40799,31301,148883,431085,479306,593479,800435,364900,489894,360901,593073,21847,127705,131686
merge_NG-28520_B91-bin.74,33,78,12970,5901,7855,1849,18178,29729,28048,0,7,1,3,2,4,0,0,0,2,14,148,117,109,0,0,76,188,276,8946,6482,10367,14078,13662,12601,10266,20889,29870,22426,16423,6113,29113,31163,14576,21286,7969,14898,18529,13245,19719,1758,1422,13604,4359,13015,7023
merge_NG-28520_B91-bin.75,1540,752,10708,225014,349594,45315,104329,100276,110595,945,4472,835,836,111,618,696,1756,402,1259,2411,4052,1271,1690,352,190,2687,674,818,8123,3338,1884,545,214,223,69880,8515,10379,22317,9350,27711,7999,8205,3920,14230,116013,24011,8634,8578,9793,367333,377040,184671,32153,1165185,54585
merge_NG-28520_B94-bin.1,59,66,94627,12917,18348,3749,9234,8071,16144,5,45,5,6,17,15,20,11,27,23,64,336,60,70,37757,24001,371,329,183,32186,8775,37751,19517,12511,15188,7917,6333,4682,6753,1594,5017,9838,7830,2513,2502,54356,28843,17867,18586,9800,11764,12187,1241,8023,10368,6699
merge_NG-28520_B94-bin.20,1697,407,17038,11712,11819,3224,8471,11128,7733,225,1558,631,376,457,736,634,1091,803,1587,3861,4420,690,873,1247,635,3444,946,1939,5837,3515,7035,4482,6995,8187,6405,8866,22772,8777,8976,5812,11630,18619,11307,10754,7243,12124,12693,17456,11219,5553,5583,804,23121,3106,3488
merge_NG-28520_B94-bin.29,1093,1646,52790,32166,40576,12667,33554,70976,51744,0,0,0,0,0,0,1,0,0,0,0,2882,3677,2073,0,0,2,0,7,39037,30807,63135,40925,34351,30354,719,97,183,144,472,131,103,53,51,402,2779,2181,1136,642,431,24202,21759,29702,28175,1801,19394
merge_NG-28520_B94-bin.34,514,699,7947,10698,6285,714,1769,1694,1824,7,24,15,9,43,4,4,13,6,29,74,1306,635,934,34,3,199,30,57,13356,14086,34994,33939,37775,41950,2742,7966,4648,4808,3179,2414,14485,10368,4357,6170,8719,12873,12287,12115,8047,11308,12176,559,34948,7845,12612
merge_NG-28520_B94-bin.41,190,48,10091,10431,10639,2226,7785,10077,7629,14,100,21,12,4,6,42,16,40,105,104,794,76,115,3,6,510,74,59,2451,2339,2690,2454,2169,2690,8292,3639,6349,6407,10427,8930,3859,8510,4013,15756,21064,11815,7823,6845,12541,15011,16009,7347,9426,15063,3454
merge_NG-28520_B94-bin.42,603,694,2064,1234,910,253,1126,2244,1452,56,239,563,551,11,34,28,79,19,42,286,1849,774,1708,45,35,170,42,35,708,1610,1173,796,377,844,958,1407,974,1562,2136,934,1307,772,913,3169,4037,10171,13263,23592,18070,7416,7415,3218,24281,8426,15377
merge_NG-28520_B94-bin.44,206,165,4,1,9,2,985,870,958,4,15,192,135,2,0,2,2,0,7,9,966,220,531,0,7,17,4,2,8,16,9,48,26,57,17,1285,8546,7296,10438,12,4780,14134,10509,21235,19442,25354,34990,47018,27406,24,48,10569,69859,103848,44955
merge_NG-28520_B94-bin.45,10177,7253,4721,41205,26253,1977,2419,2289,2432,705,3954,5285,6037,1650,2687,1680,2431,2547,3603,12724,21280,9837,14562,4549,2588,10170,3233,5235,2620,2233,2191,4016,3007,3194,1475,6863,10306,31385,26222,1004,3730,3785,5563,33705,2814,4347,4343,4776,9004,81288,67849,1205,180722,22055,13738
merge_NG-28520_B94-bin.5,2330,1466,3989,2765,2872,696,3019,3808,3233,106,413,72,124,1,3,1,1,56,120,3,4596,2366,2848,3,2,269,98,137,2433,3899,4265,4981,4258,4087,6427,3632,4520,2696,4118,4427,3219,3059,1140,6265,10403,16989,24995,41487,29765,6805,6668,2826,22470,76959,28333
merge_NG-28520_B94-bin.50,7196,3847,24815,2485,2164,418,2123,4063,2835,1,8,134,108,3,1,0,2,2,5,9,14344,9657,8511,5,2,47,5,7,13814,14683,20427,32085,29756,28080,773,763,598,968,1787,865,916,1106,362,2836,1183,2710,2410,3572,4100,10985,11669,233,27507,20137,5276
merge_NG-28520_B94-bin.67,258,132,6415,4202,3895,1013,14546,12686,9634,38,201,85,64,3824,4687,4530,3911,2456,3087,384,1261,168,277,8024,5613,12352,5900,4730,2075,1007,15348,21042,21180,42247,9048,14251,6388,7034,8742,6399,12289,4469,3390,11275,88671,39809,24955,24576,13069,10269,10077,27379,39661,13592,9113
merge_NG-28520_B94-bin.76,2767,2321,1740,1490,1705,236,133,544,389,2,4,21,5,0,1,0,0,0,2,3,5351,3811,4222,1,0,7,1,0,335,424,649,352,408,368,756,1083,555,1296,2107,741,872,307,566,2887,712,1688,664,922,1530,5438,4402,21,45042,6566,8759
merge_NG-28520_B94-bin.83,57,15,3029,711,4004,1468,352,630,571,10,52,4,0,78,29,61,142,291,128,365,213,28,17,248,20,546,158,203,2486,689,1306,14255,9925,2566,13126,14123,8091,3862,5718,9400,17276,11456,5947,4879,7036,10345,7601,7629,5086,9405,10689,164,21495,8462,1470
merge_NG-28520_B94-bin.84,76,30,2799,4645,5940,1395,2523,3026,3012,15,73,27,10,357,490,362,258,77,621,2577,483,37,55,670,377,1714,639,792,3466,1156,4866,2927,2078,1907,4001,2331,7821,3061,6172,4113,2489,5955,2593,5458,7205,5082,5109,5093,3023,13543,12749,11093,15113,5872,1438
merge_NG-28520_B95-bin.24,4004,2441,3814,2629,3465,538,1986,2058,1871,685,3795,3536,4071,2091,3423,2115,3280,3118,4714,9946,9481,3528,4653,5163,3215,9311,3368,5370,2504,2255,2227,3563,2146,2404,1093,16234,35098,25480,45828,1470,7376,10226,6029,68399,11810,6038,5446,6728,18068,11844,10781,1138,13844,96480,12117
merge_NG-28520_B95-bin.27,5761,7416,2481,72,182,19,2428,3355,2743,13,25,52,47,1,10,4,15,5,9,30,10215,11070,10297,6,3,56,12,4,169,104,261,843,762,663,2326,8401,6781,2900,5359,1385,4883,3384,1187,9373,1472,11965,7541,5321,4206,13555,16104,178,18995,196186,53541
merge_NG-28520_B95-bin.34,83,107,11232,20943,23106,4937,12542,2756,2332,4,45,3,7,214,489,671,654,554,514,1766,352,121,107,1195,852,794,1041,2029,4383,27811,5524,4360,3206,3101,45907,70371,118650,72128,83771,21375,57789,65330,30156,90820,52459,26128,7225,3398,37131,10287,7202,17890,9336,98403,4453
merge_NG-28520_B95-bin.39,4391,4636,1821,1283,1365,277,530,798,794,416,1510,8426,10308,36,7,13,10,6,15,24,9134,5613,9572,61,33,443,105,147,314,350,581,621,666,788,364,101,88,54,80,244,1263,1870,493,1646,669,3549,4348,4258,1044,792,560,624,642,80313,3786
merge_NG-28520_B95-bin.71,337,435,4448,1822,2675,460,2798,2218,2752,12,52,77,76,11,16,10,27,17,66,326,899,613,729,40,16,230,62,69,1823,13278,7972,8954,3890,5187,287,411,182,444,1131,328,5015,6189,380,994,5042,2773,2428,2202,628,12428,13321,45,83332,37105,30670
merge_NG-28520_B95-bin.72,272,60,16830,9361,8158,3789,26665,32181,47234,55,299,84,69,37,56,21,363,48,94,1273,1099,186,186,43,50,430,84,353,16088,17525,21808,60377,23316,24066,3475,1867,2695,1131,1109,562,2087,1959,1035,1824,95672,58673,25225,58409,9129,19072,14568,5774,10048,33771,5983
merge_NG-28520_B96-bin.11,9214,12966,1843258,2230731,2043698,531119,882635,1080166,1101559,4,24,17,8,2,7,4,13,4,10,8,17435,17006,22385,16,3,9,12,8,2152775,1993457,2399370,1681790,1815513,1970877,30276,12060,1958,972,2488,29076,83073,41295,14693,5530,363036,183248,143425,156034,89930,430476,475144,858864,340172,104516,852993
merge_NG-28520_B96-bin.18,6059,5265,35698,4657,2787,785,2809,5117,4605,81,478,406,301,32,158,134,272,111,323,1125,11861,6155,9055,119,81,652,167,135,43457,66575,43828,12414,21915,17922,1952,2976,3830,2433,3429,726,1341,761,300,4041,17475,25783,14490,35568,10480,28259,20899,530,11997,25461,42741
merge_NG-28520_B96-bin.21,80500,53144,8943,829,600,129,3243,7552,6053,3,8,50,41,0,2,4,1,1,6,7,141027,72115,98162,7,1,19,4,1,17919,13181,30584,15704,11518,12479,185,370,113,131,316,150,342,64,58,298,4356,5367,2942,2314,1546,4727,4477,2757,31721,1030,58991
merge_NG-28520_B96-bin.22,117,186,1051,35,44,59,569,1045,1121,2,5,2,7,0,0,0,1,20,1,3,486,43,207,1,0,143,1,0,57,29,49,62,81,42,6,6,9,6,13,6,1836,6106,917,1616,43187,10939,13063,8924,5934,5,8,11529,24,64313,24216
merge_NG-28520_B96-bin.28,20,32,2366,3011,3170,661,19559,25479,16775,0,1,2,7,176,304,42,98,193,207,426,53,64,39,486,68,226,78,310,150,173,227,2620,1764,2540,160,712,348,1253,1115,318,1110,498,621,1865,13930,9302,8053,9511,7552,5936,5490,11860,13259,8245,30955
merge_NG-28520_B96-bin.29,28,15,949,1260,1495,399,1469,2130,1808,12,44,7,8,110,219,304,210,141,3285,3478,138,33,10,443,279,231,528,1149,496,675,652,1398,1283,1111,1013,1508,1684,1794,125590,1337,2363,2693,690177,204829,1067,1628,1622,196512,107149,612,493,501,15071,26791,51736
merge_NG-28520_B96-bin.32,3577,4525,20,13,3,19,9,10,8,87,240,5481,5955,8,3,4,12,1,25,24,9161,6860,10490,50,36,76,16,18,11,10,15,20,12,19,34,29,35,22,33,1367,199,5115,561,2491,336,10148,5300,3825,1182,41,64,32,69,164333,45602
merge_NG-28520_B96-bin.47,51,60,3431,2158,2517,714,1505,2188,1712,6,11,52,32,226,364,841,1585,1026,1031,4051,296,65,130,2029,284,2530,1257,535,1872,1575,2893,2030,1743,1065,1450,1490,2179,1918,2938,1478,2880,3183,1348,3200,1380,9066,7013,6338,4631,516,549,597,676,1979,97466
merge_NG-28520_B96-bin.48,122,169,8217,1635,1976,518,4436,4814,3977,4,11,6,5,95,111,92,79,64,76,14,398,119,269,779,483,750,930,491,5554,8784,7587,2269,7179,3860,476,491,484,456,311,224,532,556,226,515,6991,1555,778,812,771,924,987,3864,1108,1424,11473
merge_NG-28520_B96-bin.49,24321,23699,521,118,168,21,279,813,734,3,19,68,44,0,0,2,0,0,4,11,42307,31891,44690,0,0,16,2,0,657,998,785,1084,828,1160,73,45,73,81,192,51,40,33,40,261,10695,12599,6987,7353,2766,396,314,12571,2241,1190,32982
merge_NG-28520_B96-bin.72,2348,2009,118,65,78,28,65,92,66,86,517,5273,7517,108,54,84,135,37,162,302,5705,2746,4638,279,158,651,122,107,103,94,119,141,123,93,6211,607,1012,2311,282,168248,194632,36793,22670,12810,71759,178558,64708,44306,6880,71,73,49,662,1667234,135025
merge_NG-28520_B96-bin.8,488,363,83,57,59,14,7686,16880,14512,3,48,325,248,2,4,2,5,3,12,12,1387,438,964,6,1,43,14,12,82,107,95,380,479,303,30,79,381,973,981,39,38,309,1163,1264,19926,23441,12110,10368,14262,223,226,9720,13296,1278,26451
merge_NG-28520_B96-bin.82,33,10,34295,3910,13824,3192,32584,3820,11961,6,20,1,0,110,140,126,118,74,9,15,133,12,8,410,266,313,19,6,51755,2443,22850,12951,1752,15425,41988,91381,67964,45605,28232,6981,39681,32733,21601,28302,72058,52357,46745,47014,43584,38438,40700,76025,5336,25003,14439
